Date,Open Price,High Price,Low Price,Close Price,WAP,No.of Shares,No. of Trades,Total Turnover (Rs.),Deliverable Quantity,% Deli. Qty to Traded Qty,Spread High-Low,Spread Close-Open,Ind
29-December-2017,263,264.45,261.05,263,263.1620345254,256217,5412,67426587,136839,53.41,3.4,0,1237
28-December-2017,262.3,272.25,262.1,262.95,264.1743941221,251247,3541,66373024,96190,38.29,10.15,0.65,1236
27-December-2017,264,265.2,261.45,262.55,263.0697997511,220975,3922,58131849,99775,45.15,3.75,-1.45,1235
26-December-2017,266,266.6,263.2,263.65,264.2243528065,219293,2014,57942551,95615,43.6,3.4,-2.35,1234
22-December-2017,268,268,265.55,266,266.0902892639,242443,1698,64511728,127374,52.54,2.45,-2,1233
21-December-2017,270.55,271.15,266.9,268,269.4686858118,233201,4998,62840367,92192,39.53,4.25,-2.55,1232
20-December-2017,272.45,272.45,268.5,269.6,270.2186282455,218421,1931,59021423,54021,24.73,3.95,-2.85,1231
19-December-2017,268.15,274,266.5,267.6,268.6604865754,234085,2234,62889390,80931,34.57,7.5,-0.55,1230
18-December-2017,271,274.75,262.45,268.05,270.2791661802,402581,3505,108809257,60704,15.08,12.3,-2.95,1229
15-December-2017,269,271.8,264,271.05,269.1532253846,267658,3831,72041014,76609,28.62,7.8,2.05,1228
14-December-2017,262.65,264.7,262.4,263.1,263.3847434494,66673,797,17560651,31158,46.73,2.3,0.45,1227
13-December-2017,265.8,266.9,261.4,262.6,263.0578451271,116276,1477,30587314,43742,37.62,5.5,-3.2,1226
12-December-2017,273,273,262.6,263.25,264.5626895878,217907,2462,57650062,40603,18.63,10.4,-9.75,1225
11-December-2017,265.75,270.35,265.3,269.85,269.2508123237,228665,1551,61568237,38576,16.87,5.05,4.1,1224
8-December-2017,265,265.45,262.95,264.75,264.1370572262,149879,1215,39588598,68914,45.98,2.5,-0.25,1223
7-December-2017,267,267,262.65,263.3,263.7623844809,96088,1149,25344400,34597,36.01,4.35,-3.7,1222
6-December-2017,265.25,267.6,264,265,266.0214332395,74977,913,19945489,24679,32.92,3.6,-0.25,1221
5-December-2017,265.1,266.5,263.55,265.25,265.0656755597,79238,961,21003274,26949,34.01,2.95,0.15,1220
4-December-2017,273,274.1,265.7,266.55,267.7880903466,167444,1688,44839509,47315,28.26,8.4,-6.45,1219
1-December-2017,275.1,276.15,270.25,272.25,272.8509012808,101966,1018,27821515,33217,32.58,5.9,-2.85,1218
30-November-2017,276,278.1,272.7,276.2,274.4792678757,125771,1151,34521532,24581,19.54,5.4,0.2,1217
29-November-2017,276.5,282,274.65,276.45,278.923642585,254841,3060,71081180,63462,24.9,7.35,-0.05,1216
28-November-2017,272.5,276.3,270.15,274.65,273.6745511916,167332,1515,45794510,35875,21.44,6.15,2.15,1215
27-November-2017,271.5,272.45,269.5,271.85,270.8817994033,69712,757,18883712,23400,33.57,2.95,0.35,1214
24-November-2017,271.8,272.95,270.6,271.1,271.6675415888,83436,802,22666853,22299,26.73,2.35,-0.7,1213
23-November-2017,272,274.25,269.25,270.9,271.1771495705,136190,1422,36931616,34631,25.43,5,-1.1,1212
22-November-2017,276,276.75,271.1,272.3,273.1161472693,143628,1301,39227126,32255,22.46,5.65,-3.7,1211
21-November-2017,279.8,281.2,273.1,274.05,276.0952341745,206470,1422,57005383,90040,43.61,8.1,-5.75,1210
20-November-2017,272,280.25,270.25,278.25,276.9019835233,174185,1947,48232172,37928,21.77,10,6.25,1209
17-November-2017,270,273.4,268.85,272.85,271.5928890743,177389,1759,48177591,73494,41.43,4.55,2.85,1208
16-November-2017,272,272.65,266.3,268.95,268.4675900941,233478,7133,62681276,98283,42.1,6.35,-3.05,1207
15-November-2017,275.8,276,270.4,272.4,271.6304536349,163744,3090,44477857,64448,39.36,5.6,-3.4,1206
14-November-2017,275,276.2,271.5,274.5,274.0419597003,257223,1480,70489895,123146,47.88,4.7,-0.5,1205
13-November-2017,277,279.9,274.35,276.1,276.4905393056,401609,3110,111041089,135216,33.67,5.55,-0.9,1204
10-November-2017,284.8,287.9,278.2,284.65,280.5168278359,316024,2034,88650050,137980,43.66,9.7,-0.15,1203
9-November-2017,287.85,287.95,280.1,283.1,283.1028385295,320201,2613,90649812,111469,34.81,7.85,-4.75,1202
8-November-2017,284.5,288.9,282.25,288,286.1281513309,567181,2641,162286451,300204,52.93,6.65,3.5,1201
7-November-2017,287.1,287.5,283.6,284.75,285.1735060072,192270,1671,54830310,43003,22.37,3.9,-2.35,1200
6-November-2017,286.9,290.75,284,287.1,286.5490381483,251702,2154,72124966,45305,18,6.75,0.2,1199
3-November-2017,291,292.05,285.4,286.6,287.0988425304,606409,1590,174099322,456905,75.35,6.65,-4.4,1198
2-November-2017,285.1,292.4,284.75,291.65,290.8674011153,725896,4127,211139483,420695,57.96,7.65,6.55,1197
1-November-2017,288.3,289.7,282.05,285.7,286.3069205081,402456,2632,115225938,152486,37.89,7.65,-2.6,1196
31-October-2017,285,291,283.35,286.35,284.8779526425,208288,3892,59336659,86128,41.35,7.65,1.35,1195
30-October-2017,290.8,290.9,285.25,288.9,287.7895203296,128630,1334,37018366,33554,26.09,5.65,-1.9,1194
27-October-2017,293.35,294,289.1,290.85,290.1748395315,608375,1558,176535118,481010,79.06,4.9,-2.5,1193
26-October-2017,289.1,294.9,289.1,292.45,292.4926138267,301577,2424,88209045,87859,29.13,5.8,3.35,1192
25-October-2017,291,291.75,287.6,289.15,289.7756332395,202530,1359,58688259,102355,50.54,4.15,-1.85,1191
24-October-2017,292,292,288.1,290,289.9793882281,104843,997,30402309,41719,39.79,3.9,-2,1190
23-October-2017,285,291,285,289.95,289.8919893577,470574,2267,136415633,292846,62.23,6,4.95,1189
19-October-2017,290.9,291,285,286.2,286.7371601703,61060,770,17508171,22745,37.25,6,-4.7,1188
18-October-2017,290,291.2,287.9,290.2,290.0065754787,1528710,1251,443335952,1429630,93.52,3.3,0.2,1187
17-October-2017,290.95,291.9,288.25,290,289.8268489745,160900,1193,46633140,86541,53.79,3.65,-0.95,1186
16-October-2017,287.95,291.25,286.85,290.25,289.7336705881,261721,2290,75829386,90622,34.63,4.4,2.3,1185
13-October-2017,283.5,289.05,282.85,288.05,286.3941157044,2028790,5619,581033518,1683073,82.96,6.2,4.55,1184
12-October-2017,281.2,283.5,280.3,282.4,282.1312337715,642388,3257,181237719,474176,73.81,3.2,1.2,1183
11-October-2017,285.6,286.4,281.3,283.7,283.7159089737,678705,4033,192559406,326171,48.06,5.1,-1.9,1182
10-October-2017,281.3,285.95,280.9,285.5,284.4520786727,635646,2560,180810826,453048,71.27,5.05,4.2,1181
9-October-2017,276.05,282.05,276.05,281.45,280.8045608745,779982,3555,219022503,536765,68.82,6,5.4,1180
6-October-2017,274,278,273.55,276.45,276.5539358492,1345237,2636,372030587,1137533,84.56,4.45,2.45,1179
5-October-2017,270,273.55,269.4,273,271.8622427061,188549,1673,51259354,75764,40.18,4.15,3,1178
4-October-2017,272,272,268.7,270,269.9690316641,288908,1706,77996213,134151,46.43,3.3,-2,1177
3-October-2017,273,274.4,269.25,271.35,271.3989370037,312701,2600,84866719,89685,28.68,5.15,-1.65,1176
29-September-2017,269.2,272.2,267.5,270.6,270.1140056998,427733,3131,115536674,139781,32.68,4.7,1.4,1175
28-September-2017,260.95,269.8,259.15,267,265.9990686553,598060,5534,159083403,161464,27,10.65,6.05,1174
27-September-2017,261.4,262,255.2,260.95,259.6588298188,753832,5982,195739135,392400,52.05,6.8,-0.45,1173
26-September-2017,257,261.7,253.95,260.3,259.2773430117,841193,3328,218102286,576761,68.56,7.75,3.3,1172
25-September-2017,253,257.6,250.2,256.95,254.069502166,465597,2961,118293998,128482,27.6,7.4,3.95,1171
22-September-2017,254,254.4,248.2,253.9,252.2926688623,1033564,4362,260760620,580025,56.12,6.2,-0.1,1170
21-September-2017,256,256.35,248.7,253.6,252.119677444,524560,5287,132251898,234757,44.75,7.65,-2.4,1169
20-September-2017,258.2,258.85,253.4,256.4,255.5417372129,675680,4113,172664441,439738,65.08,5.45,-1.8,1168
19-September-2017,262,262.65,257.3,258.2,258.7044493027,1488885,4388,385181174,1077819,72.39,5.35,-3.8,1167
18-September-2017,262,265.25,260.1,264.8,263.4599628861,644502,4881,169800473,314863,48.85,5.15,2.8,1166
15-September-2017,255.6,262.1,255.3,259.9,259.4561624397,581385,6295,150843921,240511,41.37,6.8,4.3,1165
14-September-2017,257,258.1,254.15,254.95,255.2991092919,619058,2496,158044956,329591,53.24,3.95,-2.05,1164
13-September-2017,257,259.5,255.15,256.1,256.9140618153,193965,1722,49832336,63705,32.84,4.35,-0.9,1163
12-September-2017,255.25,258.3,253.25,257.5,256.191455548,341672,2259,87533447,143858,42.1,5.05,2.25,1162
11-September-2017,255.3,259.5,255.25,256.95,257.413595662,633099,2685,162968290,284660,44.96,4.25,1.65,1161
8-September-2017,253,255.9,251.6,254.45,254.142930532,208283,1902,52933652,62328,29.92,4.3,1.45,1160
7-September-2017,258.8,258.8,251.6,253,254.5400527905,283763,3049,72229049,101050,35.61,7.2,-5.8,1159
6-September-2017,249,257,249,255.45,254.3805597271,431496,4255,109764194,186496,43.22,8,6.45,1158
5-September-2017,246.8,254.5,244.8,253.7,250.6075065567,647807,4780,162345297,217783,33.62,9.7,6.9,1157
4-September-2017,239,247.1,239,246.4,244.0131182327,605112,5026,147655266,177464,29.33,8.1,7.4,1156
1-September-2017,239,240.05,238,238.35,238.8571253732,310489,2401,74162510,137402,44.25,2.05,-0.65,1155
31-August-2017,241.5,241.6,236.7,238,238.8446883446,559063,4424,133529228,,,4.9,-3.5,1154
30-August-2017,241.7,242.4,239.35,241.5,240.8842814457,156293,2551,37648527,55877,35.75,3.05,-0.2,1153
29-August-2017,243.9,243.9,237.9,238.2,239.5987086028,286976,2591,68759079,102482,35.71,6,-5.7,1152
28-August-2017,242,244.35,241.4,243.3,242.7047419716,331107,1900,80361239,194170,58.64,2.95,1.3,1151
24-August-2017,242.1,242.5,239.6,241.2,240.6168424096,421923,2236,101521780,292595,69.35,2.9,-0.9,1150
23-August-2017,242,242.8,239.55,241.05,240.274322085,872602,2927,209663854,583801,66.9,3.25,-0.95,1149
22-August-2017,240,243,238.6,240.05,240.7560539201,479524,2391,115448306,274503,57.24,4.4,0.05,1148
21-August-2017,244,249,238,239.05,243.9528082137,434885,4135,106091417,124420,28.61,11,-4.95,1147
18-August-2017,247.6,247.85,242,243.3,244.5692700095,283853,3698,69421721,107767,37.97,5.85,-4.3,1146
17-August-2017,238.8,249.35,237.15,247.05,244.6365638579,820455,10539,200713292,283406,34.54,12.2,8.25,1145
16-August-2017,237,239.85,234.65,237.05,236.7963851517,1135428,4081,268865246,908872,80.05,5.2,0.05,1144
14-August-2017,237.1,241.1,236.6,238.65,238.7162983099,211525,2531,50494465,74390,35.17,4.5,1.55,1143
11-August-2017,237.9,240,234,235.85,236.598956788,296584,3169,70171465,112984,38.1,6,-2.05,1142
10-August-2017,242.8,242.8,237.4,239.05,240.0932496563,315658,3186,75787355,133779,42.38,5.4,-3.75,1141
9-August-2017,245,245.1,242,242.55,243.1607993707,288577,2502,70170614,174212,60.37,3.1,-2.45,1140
8-August-2017,250.1,251.15,243.25,244.6,245.710013459,351437,3809,86351590,157712,44.88,7.9,-5.5,1139
7-August-2017,249,253,248.3,251.3,250.8995203417,325857,2682,81757365,136019,41.74,4.7,2.3,1138
4-August-2017,242,250,238.5,249.2,242.7122834815,1358198,11909,329651338,872582,64.25,11.5,7.2,1137
3-August-2017,252.85,252.85,241.35,241.85,244.9847276346,828097,6917,202871118,434754,52.5,11.5,-11,1136
2-August-2017,252,253.3,249,250.25,251.2029094946,199966,1739,50232041,83059,41.54,4.3,-1.75,1135
1-August-2017,249.8,253.75,249.55,252.2,251.8346916156,306760,2661,77252810,78938,25.73,4.2,2.4,1134
31-July-2017,251,252.4,248.1,249.15,249.7355695959,202749,2415,50633637,82982,40.93,4.3,-1.85,1133
28-July-2017,256,256.4,250.4,251.65,252.5918363595,217599,2164,54963731,88575,40.71,6,-4.35,1132
27-July-2017,261.8,262,255,256,259.6763978459,300820,2075,78115854,136592,45.41,7,-5.8,1131
26-July-2017,258.55,261.9,258,260.1,260.0683694545,179627,1791,46715301,48675,27.1,3.9,1.55,1130
25-July-2017,261.9,262,257.7,258.55,259.4509426265,149529,1728,38795440,47248,31.6,4.3,-3.35,1129
24-July-2017,263.4,265.3,260.55,261.35,262.5161926791,300043,3164,78766146,99030,33.01,4.75,-2.05,1128
21-July-2017,255.95,262.85,254.1,262.25,260.28728972,463727,4234,120702244,150846,32.53,8.75,6.3,1127
20-July-2017,256,258.5,254.5,255.45,256.3097213279,400686,3249,102699717,94976,23.7,4,-0.55,1126
19-July-2017,248.6,256.5,248,255.05,250.8195800467,2966806,5208,744133035,2307123,77.76,8.5,6.45,1125
18-July-2017,247.2,249.4,246.35,248.45,247.9822511701,261313,2452,64800986,58951,22.56,3.05,1.25,1124
17-July-2017,250,251,246.35,247.2,247.9282627105,250344,2741,62067353,100805,40.27,4.65,-2.8,1123
14-July-2017,254,254.4,248.65,250.55,250.598946129,257337,2692,64488381,89041,34.6,5.75,-3.45,1122
13-July-2017,256.9,256.9,251.8,253.45,253.8233926093,1251267,2465,317600835,1092781,87.33,5.1,-3.45,1121
12-July-2017,255,256.75,253.05,253.75,254.3732460421,157786,1846,40136537,49223,31.2,3.7,-1.25,1120
11-July-2017,259,260,253.95,254.4,256.4019581388,222354,2753,57012001,90359,40.64,6.05,-4.6,1119
10-July-2017,251.5,259.9,251.5,259.2,256.9678155247,1475059,16636,379042689,815415,55.28,8.4,7.7,1118
7-July-2017,252.5,252.8,250,251.05,251.4949207229,119013,1458,29931165,55585,46.7,2.8,-1.45,1117
6-July-2017,248.95,252.8,247.2,251.25,250.7191729838,167929,2432,42103020,64979,38.69,5.6,2.3,1116
5-July-2017,250,250,246.4,247.5,247.412312162,143874,1545,35596199,59678,41.48,3.6,-2.5,1115
4-July-2017,250.15,250.5,246.35,246.85,248.2250134003,152982,1986,37973959,60796,39.74,4.15,-3.3,1114
3-July-2017,244.45,249.45,243,248.95,247.0233350792,255838,2530,63197956,112196,43.85,6.45,4.5,1113
30-June-2017,244.95,245.9,243.5,244.2,244.6304779256,153685,2029,37596035,65504,42.62,2.4,-0.75,1112
29-June-2017,246,248.6,244.5,245.2,246.5256711127,201978,2559,49792762,101065,50.04,4.1,-0.8,1111
28-June-2017,247,247.35,244.7,245.8,245.7839799764,172197,2908,42323264,59621,34.62,2.65,-1.2,1110
27-June-2017,246,246.65,244,244.75,245.4765646314,164943,2250,40489641,72216,43.78,2.65,-1.25,1109
23-June-2017,245.85,247.9,243.35,245.4,245.5116736299,317382,3244,77920986,110456,34.8,4.55,-0.45,1108
22-June-2017,251,251.85,245.5,246.2,248.121689649,318433,4280,79010134,151093,47.45,6.35,-4.8,1107
21-June-2017,254,254,250.35,250.75,251.5205197187,198492,2792,49924811,95251,47.99,3.65,-3.25,1106
20-June-2017,254,254.95,253.1,254.15,254.0349535159,160270,1847,40714182,69385,43.29,1.85,0.15,1105
19-June-2017,256.25,256.65,251.7,253.9,253.315292698,195577,3327,49542645,67663,34.6,4.95,-2.35,1104
16-June-2017,253.55,257.2,253.55,255.4,255.8023460259,193945,2806,49611586,75100,38.72,3.65,1.85,1103
15-June-2017,257,257,253.2,254.4,254.378453285,728835,4317,185399920,568703,78.03,3.8,-2.6,1102
14-June-2017,260,260,256.4,257.3,257.7947369198,270906,2534,69838141,74337,27.44,3.6,-2.7,1101
13-June-2017,260,260.45,258.5,258.85,259.1368183359,218326,2377,56576305,101448,46.47,1.95,-1.15,1100
12-June-2017,262,262.95,260,260.25,260.946089444,138433,1743,36123550,73810,53.32,2.95,-1.75,1099
9-June-2017,264.65,264.8,261.1,261.65,262.1463989487,187959,2387,49272775,66822,35.55,3.7,-3,1098
8-June-2017,265.6,265.6,262,262.7,263.1999413468,105706,1893,27821813,56707,53.65,3.6,-2.9,1097
7-June-2017,263,264.7,262.65,263.95,263.6282385949,138293,1982,36457940,48303,34.93,2.05,0.95,1096
6-June-2017,265.8,265.8,262.35,262.9,263.0743180515,169111,1983,44488761,64464,38.12,3.45,-2.9,1095
5-June-2017,268,268.45,263.5,264.3,265.3198970371,200849,2464,53289236,77985,38.83,4.95,-3.7,1094
2-June-2017,265.5,270,265.4,268.8,268.5439747631,360741,2935,96874822,239710,66.45,4.6,3.3,1093
1-June-2017,263,266,262.95,265.1,264.1574076069,139269,1898,36788938,47977,34.45,3.05,2.1,1092
31-May-2017,268.3,268.95,262.65,263.3,265.4254343751,258705,2994,68666887,95608,36.96,6.3,-5,1091
30-May-2017,260,268.2,260,267.1,264.152786643,368167,4500,97252339,79542,21.6,8.2,7.1,1090
29-May-2017,268,270.65,265.85,267.65,268.6345147385,266547,2655,71603724,87402,32.79,4.8,-0.35,1089
26-May-2017,267,269.2,266,268.35,268.2899324169,251838,2441,67565600,90537,35.95,3.2,1.35,1088
25-May-2017,264,266.55,262.7,265.95,264.5582256708,181973,2317,48142454,74624,41.01,3.85,1.95,1087
24-May-2017,268,270.3,261,262.1,265.5706496322,363498,4550,96534400,183539,50.49,9.3,-5.9,1086
23-May-2017,274.5,274.85,267.3,268,268.5941080856,1066784,4709,286531897,909759,85.28,7.55,-6.5,1085
22-May-2017,277.3,278.15,274,274.25,275.6943146872,205512,2731,56658490,112169,54.58,4.15,-3.05,1084
19-May-2017,278,283.75,276.4,277,279.5120128984,315078,3687,88068086,100884,32.02,7.35,-1,1083
18-May-2017,275.35,278.5,274.8,276.5,277.3555794977,182848,1947,50713913,79890,43.69,3.7,1.15,1082
17-May-2017,276,278.55,275.05,276.5,276.6491141331,196192,2544,54276343,54395,27.73,3.5,0.5,1081
16-May-2017,277.95,277.95,274.65,275.2,275.3687523659,235109,2393,64741672,105272,44.78,3.3,-2.75,1080
15-May-2017,277.55,278.45,277,277.65,277.9439720998,92329,1250,25662289,48495,52.52,1.45,0.1,1079
12-May-2017,275,278.15,274.85,276.2,276.7665705345,203886,1901,56428829,44820,21.98,3.3,1.2,1078
11-May-2017,278.85,279.4,274.6,274.95,276.4069215035,304587,2961,84189955,104130,34.19,4.8,-3.9,1077
10-May-2017,278.15,279.2,277.3,278.3,278.4063863933,133346,1285,37124378,47327,35.49,1.9,0.15,1076
9-May-2017,280,280.15,276.5,278.1,278.3273316257,185836,1712,51723238,64726,34.83,3.65,-1.9,1075
8-May-2017,280,280.7,278.4,279,279.2551068336,112839,1102,31510867,51367,45.52,2.3,-1,1074
5-May-2017,282,284.35,278.15,278.95,281.4068246151,347624,3157,97823766,121644,34.99,6.2,-3.05,1073
4-May-2017,280,281.5,279.1,279.85,280.3808166242,211162,2202,59205774,84797,40.16,2.4,-0.15,1072
3-May-2017,275.3,279.95,275.3,279.35,277.6167265122,216112,2218,59996306,74783,34.6,4.65,4.05,1071
2-May-2017,278.25,279,274.75,275.25,276.2041665937,228436,2814,63094975,97282,42.59,4.25,-3,1070
28-April-2017,275.75,278,274.35,276.85,276.8497444458,233023,2319,64512358,69794,29.95,3.65,1.1,1069
27-April-2017,277.8,277.8,273.7,274.65,275.6178012266,320888,3351,88442445,137273,42.78,4.1,-3.15,1068
26-April-2017,278.5,280.75,276,276.9,278.0206557497,301853,2587,83921369,151067,50.05,4.75,-1.6,1067
25-April-2017,278.7,278.9,275,278.35,277.9290782114,215787,4612,59973482,101135,46.87,3.9,-0.35,1066
24-April-2017,278.5,279,276.6,277.55,277.7803630466,240465,2207,66796455,105626,43.93,2.4,-0.95,1065
21-April-2017,283.75,283.75,276.5,277.2,278.0369443876,572049,3845,159050756,328609,57.44,7.25,-6.55,1064
20-April-2017,283,284.15,278.85,280.35,280.6726264685,235019,2909,65963400,85406,36.34,5.3,-2.65,1063
19-April-2017,279,283.35,276.05,282.55,280.5121230792,275920,3252,77398905,87881,31.85,7.3,3.55,1062
18-April-2017,283,284.45,278.4,279.1,280.9390726597,563655,8278,158352713,270272,47.95,6.05,-3.9,1061
17-April-2017,290.65,290.65,285.5,285.8,287.0958797778,239623,2631,68794776,89766,37.46,5.15,-4.85,1060
13-April-2017,289.5,291.4,288.55,290.95,290.7476929451,395851,2553,115092765,217373,54.91,2.85,1.45,1059
12-April-2017,288,291.8,288,289.9,289.8980704698,343296,2523,99520848,149856,43.65,3.8,1.9,1058
11-April-2017,286.9,290.3,286,289.2,289.0667421755,288708,2567,83455881,141904,49.15,4.3,2.3,1057
10-April-2017,285,288.7,285,287.25,287.295270971,264198,2571,75902836,100219,37.93,3.7,2.25,1056
7-April-2017,286,286.8,280.15,283.95,282.8376415556,935498,6670,264594048,556261,59.46,6.65,-2.05,1055
6-April-2017,290,290.85,285.7,286.65,286.1667299147,1944726,7369,556515880,1716862,88.28,5.15,-3.35,1054
5-April-2017,298,298,289.8,290,291.9481107625,1414089,7291,412840612,1105304,78.16,8.2,-8,1053
3-April-2017,292.1,295.3,291,295,293.1415746119,210744,2003,61777828,90921,43.14,4.3,2.9,1052
31-March-2017,290.45,295,290,292.8,292.7406871313,962378,4346,281727197,658738,68.45,5,2.35,1051
30-March-2017,295,295,289.35,290.15,291.2228656329,321723,3864,93693094,139792,43.45,5.65,-4.85,1050
29-March-2017,291,294.6,290.4,294.05,293.3613827711,518929,2707,152233729,361640,69.69,4.2,3.05,1049
28-March-2017,292,292.75,290.05,290.95,291.4523246611,390401,3696,113783279,211669,54.22,2.7,-1.05,1048
27-March-2017,294.7,294.7,290.55,291.9,291.6039413216,840378,4368,245057537,633219,75.35,4.15,-2.8,1047
24-March-2017,298.1,298.95,295.8,298.05,297.6923979121,558465,5096,166250785,378177,67.72,3.15,-0.05,1046
23-March-2017,292.85,296.8,292.5,295.7,295.1344611403,437368,3170,129082369,229139,52.39,4.3,2.85,1045
22-March-2017,291.95,293.05,289.75,292.25,291.3566140583,694566,4189,202366398,485581,69.91,3.3,0.3,1044
21-March-2017,292.9,295,291.95,292.8,293.0590596701,789659,4771,231416724,594873,75.33,3.05,-0.1,1043
20-March-2017,290,292.5,288.25,291.95,290.7032297651,381359,4418,110862293,200790,52.65,4.25,1.95,1042
17-March-2017,293,294.7,288.2,289.75,291.2044357837,1050457,6139,305897738,798453,76.01,6.5,-3.25,1041
16-March-2017,293.25,295.8,291.3,292,292.8311525892,477360,6817,139785879,283285,59.34,4.5,-1.25,1040
15-March-2017,297,297.05,292.4,293.05,293.9737278302,1174627,5222,345309478,948079,80.71,4.65,-3.95,1039
14-March-2017,302.5,302.5,294.3,295.55,297.4626756721,916480,9990,272618593,495635,54.08,8.2,-6.95,1038
10-March-2017,319.1,320,315.6,316.55,317.5514665958,519366,5680,164925435,288122,55.48,4.4,-2.55,1037
9-March-2017,319,320.1,317.35,318.2,318.6816228687,321628,7005,102496933,186279,57.92,2.75,-0.8,1036
8-March-2017,325.4,325.4,319.1,320.15,321.9572255695,365639,6952,117720118,205816,56.29,6.3,-5.25,1035
7-March-2017,325.7,326.1,321.5,322.85,323.5710353469,547488,10457,177151259,269630,49.25,4.6,-2.85,1034
6-March-2017,322.85,327.95,320.8,323.7,323.4940229945,424711,5548,137391470,138725,32.66,7.15,0.85,1033
3-March-2017,321.6,324.8,320.7,321.65,322.0097229772,195002,3935,62792540,97690,50.1,4.1,0.05,1032
2-March-2017,323,326,319.1,321.6,323.3973008228,219252,3234,70905505,68949,31.45,6.9,-1.4,1031
1-March-2017,323,324.75,319.15,321,320.6342203774,682266,4561,218757827,519529,76.15,5.6,-2,1030
28-February-2017,330,331.5,320.75,321.8,323.4058590155,987811,6874,319463865,612678,62.02,10.75,-8.2,1029
27-February-2017,329.3,332.1,328.1,330,329.5524469567,340382,3920,112173721,182471,53.61,4,0.7,1028
23-February-2017,330,332,327.1,328.5,329.0316433885,713830,6119,234872658,394092,55.21,4.9,-1.5,1027
22-February-2017,324,329.4,320.9,328,326.3477452259,419399,6377,136869918,144738,34.51,8.5,4,1026
21-February-2017,320.05,321.3,317.05,319.6,319.0782132781,135757,3055,43317101,46740,34.43,4.25,-0.45,1025
20-February-2017,317,321.1,314.3,320.05,318.6667004628,167672,2535,53431483,67174,40.06,6.8,3.05,1024
17-February-2017,318.25,320,311.35,316.55,315.5116057829,187105,4825,59033799,64499,34.47,8.65,-1.7,1023
16-February-2017,319,319,315.85,318.25,318.0137339908,241736,2626,76875368,148290,61.34,3.15,-0.75,1022
15-February-2017,320.55,322.75,317.35,320.05,319.8645434001,208421,4259,66666488,108592,52.1,5.4,-0.5,1021
14-February-2017,319,320.4,315.45,320,318.3765753571,159567,3276,50802395,89051,55.81,4.95,1,1020
13-February-2017,319,321.25,314.55,320.95,318.3761644683,394386,6065,125563102,217083,55.04,6.7,1.95,1019
10-February-2017,323.05,325.6,321.55,324.75,324.0747987157,202450,2081,65608943,104522,51.63,4.05,1.7,1018
9-February-2017,322,323.95,318.65,322.2,321.8651212621,411629,2843,132489018,205102,49.83,5.3,0.2,1017
8-February-2017,317,322.4,314.7,321.75,319.3300919325,167623,2948,53527068,39781,23.73,7.7,4.75,1016
7-February-2017,326,326.7,311.6,315.6,318.3775348089,293316,6301,93385225,97860,33.36,15.1,-10.4,1015
6-February-2017,326.2,329,322.65,324.95,324.5463295829,145760,2678,47305873,61380,42.11,6.35,-1.25,1014
3-February-2017,321,326.7,320.3,326.05,324.5634170379,308466,5415,100116779,171540,55.61,6.4,5.05,1013
2-February-2017,311.2,323.25,308.8,320.25,317.0599614494,288452,7909,91456580,114049,39.54,14.45,9.05,1012
1-February-2017,310,313.5,306.6,313.05,311.1095829075,189838,2999,59060421,58934,31.04,6.9,3.05,1011
31-January-2017,313,314,304,309.9,307.8595864574,449337,7677,138332703,78428,17.45,10,-3.1,1010
30-January-2017,317,317.9,313.5,314.75,314.5942895279,137852,1673,43367452,62503,45.34,4.4,-2.25,1009
27-January-2017,317,319.9,315.6,316.8,317.8729947091,165001,4797,52449362,63255,38.34,4.3,-0.2,1008
25-January-2017,309.5,318,309.15,316.1,313.8047702682,265897,5007,83439747,124228,46.72,8.85,6.6,1007
24-January-2017,304,310.8,303.95,309.5,309.2140281771,251836,2822,77871224,93623,37.18,6.85,5.5,1006
23-January-2017,305,306.1,302.4,303.55,304.2938427753,121126,2839,36857896,52259,43.14,3.7,-1.45,1005
20-January-2017,307.95,307.95,302.5,303.75,304.8951286798,275490,4375,83995559,132416,48.07,5.45,-4.2,1004
19-January-2017,309.4,310.1,306.95,308.25,308.5428889887,235958,4017,72803163,115151,48.8,3.15,-1.15,1003
18-January-2017,306.8,309.9,305,308.65,307.8083747469,325980,5035,100339374,102320,31.39,4.9,1.85,1002
17-January-2017,314,315.25,306.2,307,308.7669332892,266044,4086,82145590,104844,39.41,9.05,-7,1001
16-January-2017,319,320,310.85,313.7,314.4482813996,323810,5601,101821498,82806,25.57,9.15,-5.3,1000
13-January-2017,314,319.2,313.7,314.8,315.608281495,195158,5965,61593481,44132,22.61,5.5,0.8,999
12-January-2017,318,318.05,310.4,312.6,312.7258735226,173865,3696,54372084,53947,31.03,7.65,-5.4,998
11-January-2017,301,317.5,301,316.65,313.0764084335,491752,8524,153955950,140010,28.47,16.5,15.65,997
10-January-2017,300.05,303.3,299.25,300.4,300.8611349101,115551,2169,34764805,39807,34.45,4.05,0.35,996
9-January-2017,306,306.1,299.6,300.05,300.9124441894,205606,2865,61869404,134655,65.49,6.5,-5.95,995
6-January-2017,309,310.4,305,305.75,308.1927809581,82975,1768,25572296,27733,33.42,5.4,-3.25,994
5-January-2017,307.45,311,306.8,308.15,309.0178219309,159747,7006,49364670,61238,38.33,4.2,0.7,993
4-January-2017,305.05,309.75,305.05,306.25,307.9268900415,132841,3062,40905316,51758,38.96,4.7,1.2,992
3-January-2017,300.6,307,299.7,305.3,303.8218183178,133695,3181,40619458,54674,40.89,7.3,4.7,991
2-January-2017,303,303,297.15,300.7,299.7906904364,138159,2916,41418782,30988,22.43,5.85,-2.3,990
30-December-2016,299,301.3,296.15,300,299.7860609876,366927,2992,109999600,255176,69.54,5.15,1,989
29-December-2016,293.5,300.8,293,298.25,296.3671062979,433621,4558,128511001,266622,61.49,7.8,4.75,988
28-December-2016,289.3,296,289.05,295.3,293.2302920338,469569,3232,137691855,330782,70.44,6.95,6,987
27-December-2016,282.2,291.05,282.2,289.35,287.3256239154,290424,5535,83446257,121263,41.75,8.85,7.15,986
26-December-2016,289,289,282.8,285.05,284.5662074947,187947,3715,53483365,63368,33.72,6.2,-3.95,985
23-December-2016,287,288.85,286.1,288.1,287.8800653923,109493,2382,31520852,41847,38.22,2.75,1.1,984
22-December-2016,295,295,287.2,288.15,289.2889524167,196939,3477,56972277,109670,55.69,7.8,-6.85,983
21-December-2016,290.9,294.4,289.25,292,292.455637569,139679,2609,40849911,46799,33.5,5.15,1.1,982
20-December-2016,290,292.7,290,290.55,290.9363514393,228819,4005,66571765,78918,34.49,2.7,0.55,981
19-December-2016,290,290,287,287.7,288.1054118544,120698,2327,34773747,50233,41.62,3,-2.3,980
16-December-2016,290.2,292,287.15,288.2,288.8774441731,250596,7528,72391532,119504,47.69,4.85,-2,979
15-December-2016,289,293.75,289,290.25,291.4901501563,255334,8239,74427346,96352,37.74,4.75,1.25,978
14-December-2016,296,298.85,291.2,292.25,295.4918137472,642052,10226,189721110,246025,38.32,7.65,-3.75,977
13-December-2016,303.9,307.6,303.75,305.75,305.9713725161,130993,1868,40080108,38434,29.34,3.85,1.85,976
12-December-2016,307,309.75,305,305.5,307.3601179193,176731,2403,54320061,35581,20.13,4.75,-1.5,975
9-December-2016,315,315,306,307.2,307.5680120719,223328,3202,68688549,69719,31.22,9,-7.8,974
8-December-2016,306.55,313.45,306.55,312.2,311.8550896827,208736,2517,65095384,109881,52.64,6.9,5.65,973
7-December-2016,307,308.1,304.7,305.9,306.5304204242,86603,1535,26546454,26540,30.65,3.4,-1.1,972
6-December-2016,306,309.4,305.2,306.45,307.2267335941,156986,2364,48230296,31048,19.78,4.2,0.45,971
5-December-2016,306.2,307,302.1,305.8,304.5143769037,137234,2027,41789726,37042,26.99,4.9,-0.4,970
2-December-2016,308.7,311.9,305,306.1,308.7407744337,262721,3985,81112685,61463,23.39,6.9,-2.6,969
1-December-2016,309,310.3,305.65,306.45,307.5017320888,179552,2984,55212551,106788,59.47,4.65,-2.55,968
30-November-2016,310.05,310.05,305.1,308.2,307.3922203182,204250,3550,62784861,49665,24.32,4.95,-1.85,967
29-November-2016,306,313.65,306,308.5,310.0967752285,187021,2639,57994609,71427,38.19,7.65,2.5,966
28-November-2016,306.4,306.4,302.4,304.75,304.132022895,132780,2204,40382650,43922,33.08,4,-1.65,965
25-November-2016,301.25,305.35,301.25,304.1,303.3747525355,180834,2724,54860470,55387,30.63,4.1,2.85,964
24-November-2016,304.7,304.7,299.95,301.25,302.3047545295,130423,2364,39427493,51920,39.81,4.75,-3.45,963
23-November-2016,304.95,306.25,302.3,303.8,304.654631274,106990,1623,32594999,27721,25.91,3.95,-1.15,962
22-November-2016,302.1,305.2,299.2,303.5,302.9170974954,114508,2479,34686431,31190,27.24,6,1.4,961
21-November-2016,311,311,300.4,301.15,304.1757312703,128099,3302,38964607,50233,39.21,10.6,-9.85,960
18-November-2016,307,309.25,304.2,306.9,306.5769919349,115064,3921,35275975,40538,35.23,5.05,-0.1,959
17-November-2016,312.6,312.6,301.75,306.1,305.3052171724,917681,7897,280172797,727365,79.26,10.85,-6.5,958
16-November-2016,316.5,317.5,309.15,312.6,313.369068582,172640,4090,54100036,84180,48.76,8.35,-3.9,957
15-November-2016,325,328.6,313.2,314.55,318.7964104672,197073,3766,62826165,47248,23.97,15.4,-10.45,956
11-November-2016,325,331.8,321.5,324.1,326.0796502908,273370,3163,89140394,50506,18.48,10.3,-0.9,955
10-November-2016,320,337.3,320,333.5,330.360670902,442151,5935,146069301,219225,49.58,17.3,13.5,954
9-November-2016,308.7,320,289.2,317.9,308.4302529296,421817,5925,130101124,149273,35.39,30.8,9.2,953
8-November-2016,319.5,322,315.6,316.95,318.3928208153,166147,2755,52900012,35541,21.39,6.4,-2.55,952
7-November-2016,318,322.55,317,318.75,319.1188336745,149015,2427,47553493,49503,33.22,5.55,0.75,951
4-November-2016,326.55,327.05,312.6,315.5,315.7746376088,1462094,4516,461692203,1184938,81.04,14.45,-11.05,950
3-November-2016,327,331,325.2,326.75,328.3798054704,188249,3304,61817170,61581,32.71,5.8,-0.25,949
2-November-2016,326.8,328.7,323.2,327.7,325.3902899044,2632971,3826,856743197,2450766,93.08,5.5,0.9,948
1-November-2016,325.3,331.3,323.35,329.85,327.4113192014,395982,6968,129648989,197939,49.99,7.95,4.55,947
30-October-2016,327,327,325.05,326,326.1403455196,45844,954,14951578,24997,54.53,1.95,-1,946
28-October-2016,317,326.8,316,324.4,324.0116308909,264984,6616,85857898,106521,40.2,10.8,7.4,945
27-October-2016,320.05,320.85,315.85,317,317.3702711359,162354,2463,51526333,67461,41.55,5,-3.05,944
26-October-2016,319.8,321.5,317,319.4,319.4733655228,127992,1957,40890035,50632,39.56,4.5,-0.4,943
25-October-2016,322.7,323.25,318.2,319.75,320.1042849692,136127,2742,43574836,46720,34.32,5.05,-2.95,942
24-October-2016,313,323,313,321,318.7395566608,298372,3576,95102959,158884,53.25,10,8,941
21-October-2016,312,314.7,312,313.3,313.2494410223,156983,2391,49174837,67596,43.06,2.7,1.3,940
20-October-2016,314,314.75,312.4,312.75,313.1536901198,133600,1738,41837333,50924,38.12,2.35,-1.25,939
19-October-2016,312.55,314.9,311.75,312.5,313.8675520645,1987581,3674,623837183,1841942,92.67,3.15,-0.05,938
18-October-2016,311.5,314.5,311.5,312.55,313.1121883043,158127,3239,49511491,60534,38.28,3,1.05,937
17-October-2016,315,319,309.55,311.05,313.1236864796,279497,3833,87517131,121199,43.36,9.45,-3.95,936
14-October-2016,315.8,318.2,312.4,313.05,314.7649633341,189413,2062,59620576,95925,50.64,5.8,-2.75,935
13-October-2016,319.8,319.8,312.2,315.75,315.4542055515,300353,6173,94747617,173452,57.75,7.6,-4.05,934
10-October-2016,320,321.65,318.6,319.3,320.2098129681,76511,1833,24499573,32600,42.61,3.05,-0.7,933
7-October-2016,319,319.95,315.8,319.15,317.6954473165,151537,3852,48142615,58996,38.93,4.15,0.15,932
6-October-2016,321.75,322,317.7,318.6,320.0196141939,132761,2657,42486124,50489,38.03,4.3,-3.15,931
5-October-2016,322,323.5,318.75,321.75,320.3785633374,789218,5346,252848529,633458,80.26,4.75,-0.25,930
4-October-2016,329.55,329.55,319,321.1,320.3042229888,620982,6321,198903157,457611,73.69,10.55,-8.45,929
3-October-2016,322.5,328.8,322.15,327.85,326.8074275373,177367,1696,57964853,117179,66.07,6.65,5.35,928
30-September-2016,327.3,328.45,317.2,322.55,321.4331993376,731864,7836,235245387,476515,65.11,11.25,-4.75,927
29-September-2016,330,332.4,322.95,327.3,327.2761992667,195015,2924,63823768,77454,39.72,9.45,-2.7,926
28-September-2016,333,335.45,328.15,328.7,331.0199299465,73658,1593,24382266,23325,31.67,7.3,-4.3,925
27-September-2016,335.2,337.2,330.55,332,334.5114090018,177097,3932,59240967,54349,30.69,6.65,-3.2,924
26-September-2016,329.1,334,328.1,332.65,331.5745657987,174631,2758,57903198,78282,44.83,5.9,3.55,923
23-September-2016,328,330,327.3,328.75,328.4815279903,189530,2437,62257104,100355,52.95,2.7,0.75,922
22-September-2016,332.85,337.5,326.6,327.7,329.2633736084,164204,2978,54066363,73213,44.59,10.9,-5.15,921
21-September-2016,328.4,331.55,327.65,330.25,329.8040174048,218101,3265,71930586,51486,23.61,3.9,1.85,920
20-September-2016,328.1,330.45,327.05,329.4,329.4215567278,128526,2113,42339235,52212,40.62,3.4,1.3,919
19-September-2016,324.6,329.8,324.6,328.8,328.3433982768,180362,2107,59220672,108412,60.11,5.2,4.2,918
16-September-2016,325,326.55,322.15,325,324.2797881625,837623,5271,271624209,549886,65.65,4.4,0,917
15-September-2016,325,327.45,321.85,323.55,323.0057282978,149259,3359,48211512,61571,41.25,5.6,-1.45,916
14-September-2016,324,327.55,321.7,324.2,323.0431801626,1212177,5435,391585513,1023239,84.41,5.85,0.2,915
12-September-2016,329.7,332.75,327.5,330.7,330.4045561172,1083642,4376,358040254,891212,82.24,5.25,1,914
9-September-2016,333,333,330.75,332.15,332.1023883424,106643,1713,35416395,35632,33.41,2.25,-0.85,913
8-September-2016,332.2,333,328.8,332.15,331.046998275,282904,4083,93654520,156991,55.49,4.2,-0.05,912
7-September-2016,328.8,332,327.3,330.85,330.2903431972,145514,2697,48061869,48403,33.26,4.7,2.05,911
6-September-2016,332.5,335,325.35,328.8,327.76421461,519659,5046,170325624,359744,69.23,9.65,-3.7,910
2-September-2016,335.3,341,331.5,332.5,332.329505685,362886,4116,120597725,278049,76.62,9.5,-2.8,909
1-September-2016,333.65,338.75,332.75,338.05,337.3998658435,365245,3497,123233614,263040,72.02,6,4.4,908
31-August-2016,334.35,336.4,331.3,333.65,333.518636189,106701,2014,35586772,44730,41.92,5.1,-0.7,907
30-August-2016,335,337,332.25,334.9,334.3326124718,115140,1607,38495057,55435,48.15,4.75,-0.1,906
29-August-2016,333,334.6,330.35,333.85,332.8801614382,129833,2154,43218830,54000,41.59,4.25,0.85,905
26-August-2016,332,334.5,329.6,333.45,332.6398809916,151922,2587,50535316,52970,34.87,4.9,1.45,904
25-August-2016,333.7,336.55,329.85,331.95,333.6344499127,94485,2307,31523451,49572,52.47,6.7,-1.75,903
24-August-2016,337.9,337.9,332.65,333.95,333.564965431,476438,2904,158923025,425018,89.21,5.25,-3.95,902
23-August-2016,336,337.5,332.5,336.6,335.1996507177,253663,2712,85027749,117665,46.39,5,0.6,901
22-August-2016,330,337,330,335.15,333.544145898,4004551,3829,1335694543,3832444,95.7,7,5.15,900
19-August-2016,340.4,341.15,332.25,334.2,333.5426224006,2291389,6903,764275896,2112536,92.19,8.9,-6.2,899
18-August-2016,349.75,349.75,337.9,338.8,341.0791924338,233987,4832,79808097,79189,33.84,11.85,-10.95,898
17-August-2016,337,349.85,337,347.8,346.7521160956,360806,7872,125110244,124221,34.43,12.85,10.8,897
16-August-2016,337.55,340.4,335.1,338,338.6049981247,362616,3813,122783590,267136,73.67,5.3,0.45,896
12-August-2016,337.8,339.5,335.75,337.95,338.0422031091,149752,2639,50622496,59637,39.82,3.75,0.15,895
11-August-2016,338,339,333.3,338,336.8234164406,348345,2990,117330753,206487,59.28,5.7,0,894
10-August-2016,338.8,340,334.4,338,337.6088737406,299558,3668,101133439,119881,40.02,5.6,-0.8,893
9-August-2016,334.1,337.5,333.15,336.95,335.3885120295,257243,4315,86276347,88380,34.36,4.35,2.85,892
8-August-2016,329.4,332.65,327.9,332.05,330.8780373596,138813,2652,45930173,60814,43.81,4.75,2.65,891
5-August-2016,322.65,330.4,322.65,329.4,327.5400258959,226291,5053,74119360,65875,29.11,7.75,6.75,890
4-August-2016,329,329,320.9,323.75,325.0954180399,211176,3116,68652350,37351,17.69,8.1,-5.25,889
3-August-2016,324.3,328.6,322.4,326.2,326.4082270426,141436,4000,46165874,38131,26.96,6.2,1.9,888
2-August-2016,326.5,329.1,322.2,323.35,324.8019088961,179685,4061,58362031,68070,37.88,6.9,-3.15,887
1-August-2016,330,331.5,325.65,326.3,327.3768141617,361255,3308,118266511,230253,63.74,5.85,-3.7,886
29-July-2016,330,333.5,327.1,328,329.9913377488,126526,2386,41752484,36421,28.79,6.4,-2,885
28-July-2016,326.05,332.7,326.05,330,330.2238431712,124824,2855,41219861,37900,30.36,6.65,3.95,884
27-July-2016,325,330.65,324.05,326.45,326.2887176286,124956,2238,40771733,41017,32.83,6.6,1.45,883
26-July-2016,334.5,334.5,327.15,328.3,329.9970909158,108969,2806,35959453,44145,40.51,7.35,-6.2,882
25-July-2016,330,334,329.8,332.9,332.6874409746,126005,2805,41920281,46741,37.09,4.2,2.9,881
22-July-2016,333.9,333.9,329.45,330.5,331.0552268744,197422,4088,65357585,66769,33.82,4.45,-3.4,880
21-July-2016,330,335.8,327,333.25,332.2111418963,520091,8464,172780025,225231,43.31,8.8,3.25,879
20-July-2016,318.95,329.95,318.95,329.25,326.8275718451,631463,7939,206379519,401093,63.52,11,10.3,878
19-July-2016,321.55,323.6,318.05,318.95,320.0730039524,238083,4011,76203941,21749,9.14,5.55,-2.6,877
18-July-2016,320,323.95,318.5,321.55,322.0782367273,176490,3264,56843588,62989,35.69,5.45,1.55,876
15-July-2016,324.7,325,317.2,319.65,321.1316437093,202767,3124,65114900,58929,29.06,7.8,-5.05,875
14-July-2016,325,327.35,321.55,324.45,324.8501155469,349209,5744,113440584,110426,31.62,5.8,-0.55,874
13-July-2016,319,324.35,317.35,323.2,321.2689489344,411725,5384,132274458,161028,39.11,7,4.2,873
12-July-2016,322,322,313.5,316.85,316.3053712194,497280,7878,157292335,199930,40.2,8.5,-5.15,872
11-July-2016,315,322.45,314.85,320.5,319.7136609649,363803,5081,116312789,125756,34.57,7.6,5.5,871
8-July-2016,313.9,315,310,311.65,311.6827836764,333602,5282,103978000,118570,35.54,5,-2.25,870
7-July-2016,325,326,314.2,315.45,320.4642904502,437390,6914,140167876,166987,38.18,11.8,-9.55,869
5-July-2016,317.3,323.1,317,321.75,320.5356917348,370590,4772,118787322,93527,25.24,6.1,4.45,868
4-July-2016,310.9,318.2,310.9,317.45,315.6872056579,304705,4342,96191470,104706,34.36,7.3,6.55,867
1-July-2016,313.5,314.2,309.6,310.1,311.0361974763,696043,3670,216494568,596894,85.76,4.6,-3.4,866
30-June-2016,315,315,311.55,313.15,312.9236406734,165376,2628,51750060,62041,37.52,3.45,-1.85,865
29-June-2016,313.3,314.6,310,311.45,311.8530864347,494454,4386,154197006,324851,65.7,4.6,-1.85,864
28-June-2016,308.95,313.9,308.95,313.15,311.9592435066,193736,3113,60437736,51200,26.43,4.95,4.2,863
27-June-2016,310,312.5,307.25,308.75,309.6338896464,156207,2853,48366981,39555,25.32,5.25,-1.25,862
24-June-2016,309,313.25,305.55,311.65,309.0112113875,451862,8049,139630424,125115,27.69,7.7,2.65,861
23-June-2016,318,318.8,316.2,317.45,317.5965503153,181118,2654,57522452,73156,40.39,2.6,-0.55,860
22-June-2016,314.9,317.55,312.2,316.65,315.0326419011,349275,3744,110033026,189212,54.17,5.35,1.75,859
21-June-2016,312.1,315,311.2,312.75,314.1422507804,416771,1753,130925380,339385,81.43,3.8,0.65,858
20-June-2016,311,313.15,310.4,311.9,311.7149018505,117321,2222,36570704,42272,36.03,2.75,0.9,857
17-June-2016,308.9,314.35,308.1,313.35,312.6224574287,266905,4032,83440497,89479,33.52,6.25,4.45,856
16-June-2016,309,309,305.45,307.2,307.1156091031,168075,2890,51618456,50786,30.22,3.55,-1.8,855
15-June-2016,309,310.8,305,309.55,307.5180083445,236085,3498,72600389,90663,38.4,5.8,0.55,854
14-June-2016,310,310,306.8,308.65,308.1717055892,176162,1842,54288144,89371,50.73,3.2,-1.35,853
13-June-2016,306,310.7,304.8,308.3,308.7677669158,203257,3091,62759210,36072,17.75,5.9,2.3,852
10-June-2016,313.25,316,306.7,307.15,311.2818140896,266580,4533,82981506,71225,26.72,9.3,-6.1,851
9-June-2016,307.45,314.9,305.6,313.35,310.9256792486,238278,4014,74086749,104654,43.92,9.3,5.9,850
8-June-2016,307.95,308.1,304,306.8,306.070173425,174254,3292,53333952,64601,37.07,4.1,-1.15,849
7-June-2016,306,309.5,305.25,307.6,307.5465787111,128095,2967,39395179,44931,35.08,4.25,1.6,848
6-June-2016,309.45,309.45,304,305.85,305.9073500443,402569,4410,123148816,205438,51.03,5.45,-3.6,847
3-June-2016,309,312,308,308.95,310.892382446,2577284,7908,801257963,2333065,90.52,4,-0.05,846
2-June-2016,297.55,308.65,297,306.4,305.253924355,811025,13884,247568564,248214,30.6,11.65,8.85,845
1-June-2016,293,299.3,289.15,296.9,292.8262672831,702349,7238,205666236,430392,61.28,10.15,3.9,844
31-May-2016,294,295.1,288.05,291.65,293.0264266245,1427916,5278,418417123,1189873,83.33,7.05,-2.35,843
30-May-2016,287.9,296,287.9,292.05,292.4588360449,550846,9258,161099780,221952,40.29,8.1,4.15,842
27-May-2016,281.8,284.5,280.25,281.35,282.0339223989,298269,2901,84121976,149548,50.14,4.25,-0.45,841
26-May-2016,280.2,281.5,279,281,280.6788812382,288426,1609,80955087,214374,74.33,2.5,0.8,840
25-May-2016,281,281.75,277.9,281,280.1391785687,264660,1864,74141635,191954,72.53,3.85,0,839
24-May-2016,280,281,278,280.05,279.5745621743,210529,2638,58858553,151325,71.88,3,0.05,838
23-May-2016,280,281.2,278.35,280.6,280.212551513,169860,3760,47596904,101752,59.9,2.85,0.6,837
20-May-2016,280.2,281,278.1,279.3,279.4219146437,202586,3233,56606968,90045,44.45,2.9,-0.9,836
19-May-2016,283.65,283.65,279.25,280.1,282.6316369013,2881597,2286,814430477,2780177,96.48,4.4,-3.55,835
18-May-2016,285,285.4,281.45,284.1,283.6568775991,315488,3186,89490341,167243,53.01,3.95,-0.9,834
17-May-2016,283.5,284.85,281.75,283.9,283.7880256709,590864,4399,167680128,452815,76.64,3.1,0.4,833
16-May-2016,281.45,284,279.7,282.85,281.8858455546,153012,2600,43131917,59510,38.89,4.3,1.4,832
13-May-2016,280.95,282.75,278.65,281.5,281.0050822081,1151468,4894,323568360,952556,82.73,4.1,0.55,831
12-May-2016,284.5,285,282.1,283.95,283.7074954068,321130,3150,91106988,220939,68.8,2.9,-0.55,830
11-May-2016,280,284.3,276.25,283.75,282.2866200425,269388,3870,76044628,114525,42.51,8.05,3.75,829
10-May-2016,286,286.45,283.2,285.2,285.0197975873,547693,4308,156103348,385581,70.4,3.25,-0.8,828
9-May-2016,281,285.95,281,285.35,283.2196042316,1817679,4799,514802327,1669025,91.82,4.95,4.35,827
6-May-2016,280.5,282.35,277.65,281.95,281.1408874044,430514,4553,121035088,277821,64.53,4.7,1.45,826
5-May-2016,279.85,283,279.85,281.9,281.8182336257,531688,5305,149839373,368205,69.25,3.15,2.05,825
4-May-2016,278,281.8,272.65,279.85,277.9592780451,491111,7436,136508859,149171,30.37,9.15,1.85,824
3-May-2016,288.7,289,277.3,279.85,282.0597911144,598701,7331,168869479,387022,64.64,11.7,-8.85,823
2-May-2016,288,289,286.5,288.7,288.2054588239,227778,3448,65646863,163547,71.8,2.5,0.7,822
29-April-2016,284.5,289.2,283.8,287.1,286.5005014015,457717,7336,131136150,179705,39.26,5.4,2.6,821
28-April-2016,292,293.7,284.15,285.55,290.0337576762,256475,5412,74386408,97779,38.12,9.55,-6.45,820
27-April-2016,289.9,293.4,288.2,290.65,290.8829750562,281393,4512,81852433,105032,37.33,5.2,0.75,819
26-April-2016,289.4,289.75,286.55,288.3,288.3057322443,132845,2494,38299975,49601,37.34,3.2,-1.1,818
25-April-2016,288.2,290.8,287,287.95,288.5228467527,204865,3448,59108233,79058,38.59,3.8,-0.25,817
22-April-2016,288.9,288.9,285.15,287.75,287.0350647362,176331,3188,50613180,68180,38.67,3.75,-1.15,816
21-April-2016,280.4,288,279.5,286.7,284.3997676502,563805,8930,160346011,199327,35.35,8.5,6.3,815
20-April-2016,277,282,276.5,278.65,279.565255987,501295,8431,140144665,278501,55.56,5.5,1.65,814
18-April-2016,277.45,278.7,274.45,275.8,275.5746610778,295348,6796,81390425,138629,46.94,4.25,-1.65,813
13-April-2016,278.7,278.7,275.4,276.95,276.9766855383,472668,7321,130918016,172289,36.45,3.3,-1.75,812
12-April-2016,281,281,272.05,274.45,274.9486707683,2022785,15413,556162047,1450031,71.68,8.95,-6.55,811
11-April-2016,280.4,282.5,277.35,280.85,280.0246946228,257141,5127,72005830,76112,29.6,5.15,0.45,810
8-April-2016,282,282.9,278.7,280.5,281.938308561,1117108,5057,314955540,114373,10.24,4.2,-1.5,809
7-April-2016,276.7,282.3,276.25,281.1,279.38151035,371159,5248,103694962,127943,34.47,6.05,4.4,808
6-April-2016,276.4,280.1,274.65,275.75,276.6282891097,451870,8104,125000025,158316,35.04,5.45,-0.65,807
5-April-2016,285,285.4,275,276.1,278.8814066572,579729,11110,161675639,268608,46.33,10.4,-8.9,806
4-April-2016,288.65,289.1,284.4,285.4,285.7733885959,316308,6550,90392409,109079,34.49,4.7,-3.25,805
1-April-2016,292,293.8,286.1,287.8,288.7916462222,417799,12024,120656861,153955,36.85,7.7,-4.2,804
31-March-2016,298,298,291.05,292,294.1452206989,315747,5469,92875471,179367,56.81,6.95,-6,803
30-March-2016,298,298,295.5,296.45,296.7217369861,174371,3129,51739666,69095,39.63,2.5,-1.55,802
29-March-2016,294,297,293.2,294.7,294.9200921559,203134,2868,59908298,67377,33.17,3.8,0.7,801
28-March-2016,298.5,299,292.25,293.55,294.6137518388,191698,3942,56476867,91777,47.88,6.75,-4.95,800
23-March-2016,294.6,298.15,294.6,297.6,296.5334801981,221519,3613,65687800,103862,46.89,3.55,3,799
22-March-2016,296.95,299.7,293.7,294.5,296.118400193,398023,8338,117861934,193446,48.6,6,-2.45,798
21-March-2016,297.5,297.8,295.2,296.8,296.4971429658,263035,6544,77989126,125630,47.76,2.6,-0.7,797
18-March-2016,295.75,298.65,294,297.65,296.3479541694,242371,3534,71826150,118635,48.95,4.65,1.9,796
17-March-2016,296.9,298,294,294.35,295.9416174508,218764,4798,64741372,96331,44.03,4,-2.55,795
16-March-2016,295.65,297.1,293.7,295.6,295.1586765444,264973,4231,78209080,127575,48.15,3.4,-0.05,794
15-March-2016,298.4,299,295.25,295.65,296.7090645659,374083,6006,110993817,157298,42.05,3.75,-2.75,793
14-March-2016,292.9,299,292.35,296.85,297.0942417766,819732,12339,243537657,401924,49.03,6.65,3.95,792
11-March-2016,323.2,325.85,316.8,319.05,320.1392678205,1216505,12069,389451020,805068,66.18,9.05,-4.15,791
10-March-2016,326.6,326.6,320.1,322.2,323.709375763,1228700,9608,397741710,801206,65.21,6.5,-4.4,790
9-March-2016,325.3,326.25,322,322.5,323.4103930657,718633,8805,232413381,501068,69.73,4.25,-2.8,789
8-March-2016,334,334,322.5,324.55,326.1725751747,2276463,18553,742519799,1590707,69.88,11.5,-9.45,788
4-March-2016,314.1,327.35,314.1,325.2,320.8560790916,563094,11593,180672133,200633,35.63,13.25,11.1,787
3-March-2016,313.1,317.3,310.4,314.8,314.0991707791,396155,7259,124431957,108458,27.38,6.9,1.7,786
2-March-2016,318.75,320,310.3,311.45,315.262493188,440400,7936,138841602,191297,43.44,9.7,-7.3,785
1-March-2016,312,318.6,309.8,317.7,314.873423482,323022,4094,101711043,142307,44.05,8.8,5.7,784
29-February-2016,314,318,306.55,311.2,311.0715284017,661122,10182,205656231,164320,24.85,11.45,-2.8,783
26-February-2016,302.25,312.9,301.6,311.35,308.7038927806,546319,12738,168650802,216551,39.64,11.3,9.1,782
25-February-2016,296.8,308,295.2,299.5,302.0175608835,413248,9181,124808153,144538,34.98,12.8,2.7,781
24-February-2016,301.25,301.25,293,295.6,296.9300622038,428109,5350,127118432,215843,50.42,8.25,-5.65,780
23-February-2016,313.95,313.95,300,301.15,305.3977011818,283972,6600,86724396,97580,34.36,13.95,-12.8,779
22-February-2016,313.1,315.95,310.55,313.9,314.2370547471,111257,2001,34961072,29713,26.71,5.4,0.8,778
19-February-2016,317.55,317.55,310.2,312.55,312.4983159813,97683,2325,30525773,26139,26.76,7.35,-5,777
18-February-2016,315.55,319.25,314.1,317.3,316.4665515002,149349,3124,47263963,32701,21.9,5.15,1.75,776
17-February-2016,318.8,318.95,306.75,312.95,311.3147167443,207145,5264,64487287,50791,24.52,12.2,-5.85,775
16-February-2016,325,326.05,313.95,318.4,319.3086929538,241690,3847,77173718,90813,37.57,12.1,-6.6,774
15-February-2016,305.2,330.75,305.2,323.85,321.5819624938,364740,8372,117293805,140925,38.64,25.55,18.65,773
12-February-2016,307.9,318,300.7,303.5,305.1946694422,357411,5800,109079932,70773,19.8,17.3,-4.4,772
11-February-2016,313.5,313.5,296.3,305.05,305.1609689204,373364,7131,113936120,83007,22.23,17.2,-8.45,771
10-February-2016,307,316,302.2,314.05,309.0555226259,308739,5729,95417493,81756,26.48,13.8,7.05,770
9-February-2016,318,322.6,308.4,309.2,312.0458859586,350434,6877,109351488,124132,35.42,14.2,-8.8,769
8-February-2016,327.1,329.7,321.9,323.35,325.6242414619,144851,2636,47166997,44006,30.38,7.8,-3.75,768
5-February-2016,324,336.8,318,326.2,325.6673056053,410055,7135,133541507,61461,14.99,18.8,2.2,767
4-February-2016,317.1,323.25,317.1,321.45,320.0501310096,201512,3127,64493942,58775,29.17,6.15,4.35,766
3-February-2016,317.8,323.9,314.45,317.2,319.7338287945,386845,3155,123687433,243129,62.85,9.45,-0.6,765
2-February-2016,329.9,332.4,316.6,319,323.5851989114,232591,9031,75263005,74675,32.11,15.8,-10.9,764
1-February-2016,320.5,330.65,311.8,328.6,321.1409775068,267681,5353,85963338,91039,34.01,18.85,8.1,763
29-January-2016,306.6,324,306,320.05,319.3359465298,350401,7655,111895635,103945,29.66,18,13.45,762
28-January-2016,305,313.65,301,305.6,305.5116883923,1095788,5309,334776042,976302,89.1,12.65,0.6,761
27-January-2016,305,307,298.15,303.7,301.7260591476,157910,3947,47645562,48927,30.98,8.85,-1.3,760
25-January-2016,302,306.2,299.75,304.5,303.0967723911,250557,4630,75943018,101853,40.65,6.45,2.5,759
22-January-2016,290.8,303,289.3,299.95,297.1656886034,362451,4247,107708001,133857,36.93,13.7,9.15,758
21-January-2016,300.2,302,286.9,288.3,293.4847289714,287276,5523,84311119,93665,32.6,15.1,-11.9,757
20-January-2016,308,308,292.1,297.95,297.2823248386,447102,7921,132915522,157727,35.28,15.9,-10.05,756
19-January-2016,312.5,312.5,302.2,308.6,306.8446217912,186828,3179,57327167,68231,36.52,10.3,-3.9,755
18-January-2016,318,322.8,309.8,311.45,318.9733881644,490233,3133,156371281,354861,72.39,13,-6.55,754
15-January-2016,320,321.45,316.75,318.2,318.7776230712,157287,2714,50139576,51431,32.7,4.7,-1.8,753
14-January-2016,314.1,321.2,310.9,318.7,316.3155955353,223891,3818,70820215,90680,40.5,10.3,4.6,752
13-January-2016,317,320,313.3,317.8,316.7360021307,146433,2172,46380603,43926,30,6.7,0.8,751
12-January-2016,315.05,317.9,312.25,316.3,315.4169247669,121077,1979,38189735,24510,20.24,5.65,1.25,750
11-January-2016,319.8,319.8,311.15,316.85,315.3228739296,240326,3604,75780285,92376,38.44,8.65,-2.95,749
8-January-2016,327,329.55,317,321.05,321.1784446923,286027,4323,91865707,92990,32.51,12.55,-5.95,748
7-January-2016,326.1,329.4,324.05,326.55,326.8969551826,153244,2521,50094997,40289,26.29,5.35,0.45,747
6-January-2016,325,330.65,324.5,327.5,327.1885881057,148021,2304,48430782,31973,21.6,6.15,2.5,746
5-January-2016,330.6,332,324.55,326.05,326.5335580951,108856,2026,35545137,35185,32.32,7.45,-4.55,745
4-January-2016,333.5,337,327.55,330.5,331.4146078934,156080,2361,51727192,42424,27.18,9.45,-3,744
1-January-2016,329.8,334.9,325.2,333.9,331.8625799845,153311,2344,50878184,41972,27.38,9.7,4.1,743
31-December-2015,324.7,331.25,322.95,328.7,325.6314371542,283957,3523,92465326,115267,40.59,8.3,4,742
30-December-2015,322,324.75,320.4,322.05,322.477973673,84172,1517,27143616,19625,23.32,4.35,0.05,741
29-December-2015,325.55,326.05,319.7,321.4,321.7495236523,133306,2308,42891142,46493,34.88,6.35,-4.15,740
28-December-2015,324,326.5,322.15,325.15,324.5559165125,106507,2080,34567477,36225,34.01,4.35,1.15,739
24-December-2015,325.1,328.4,321.75,322.4,324.777909917,173218,2878,56257380,42051,24.28,6.65,-2.7,738
23-December-2015,319.15,323.55,319.05,321.8,322.1068862039,75978,1308,24473037,21752,28.63,4.5,2.65,737
22-December-2015,318.05,322,315.6,319.15,318.9020768216,143970,2365,45912332,41787,29.02,6.4,1.1,736
21-December-2015,314.65,324.25,314.65,319.75,321.3421326115,165506,3071,53184051,50164,30.31,9.6,5.1,735
18-December-2015,316,318.4,314.45,316.55,316.3896449392,104123,2105,32943439,36540,35.09,3.95,0.55,734
17-December-2015,316,318.7,313.9,316.15,315.8798916122,187106,2600,59103023,69218,36.99,4.8,0.15,733
16-December-2015,315.9,318.95,312,316.35,315.4895386483,148260,2457,46774479,36707,24.76,6.95,0.45,732
15-December-2015,317.05,318,312.6,314.1,314.8881293782,94359,1612,29712529,25552,27.08,5.4,-2.95,731
14-December-2015,307,317.35,305.5,315.7,311.9411619713,247476,3454,77197951,59455,24.02,11.85,8.7,730
11-December-2015,310.95,311.65,306.3,307.65,309.1045740663,166810,2787,51561734,47344,28.38,5.35,-3.3,729
10-December-2015,308.5,312.2,308.1,310.9,310.4711429354,204456,3250,63477688,50723,24.81,4.1,2.4,728
9-December-2015,316.35,318.3,306,307.65,310.6438130376,274836,5332,85376103,95256,34.66,12.3,-8.7,727
8-December-2015,327.55,327.55,316.95,317.95,320.1599309332,194015,4357,62115829,73684,37.98,10.6,-9.6,726
7-December-2015,339,340,325.6,327.55,328.8430671297,203278,4534,66846561,70852,34.85,14.4,-11.45,725
4-December-2015,334.9,338.4,333,335.05,336.0069647353,108834,1947,36568982,24503,22.51,5.4,0.15,724
3-December-2015,339,341,333.6,334.5,337.1477730759,179126,3203,60391932,52779,29.46,7.4,-4.5,723
2-December-2015,343.2,346.5,336.9,338.15,341.5395186824,189189,3036,64615520,42379,22.4,9.6,-5.05,722
1-December-2015,331,343,331,341.5,338.6932527854,401914,5044,136125560,169402,42.15,12,10.5,721
30-November-2015,335.5,337.2,329.55,330.7,332.4801947567,274599,2556,91298729,199868,72.79,7.65,-4.8,720
27-November-2015,337,338.5,334.4,336.25,336.4048326789,117409,1737,39496955,28389,24.18,4.1,-0.75,719
26-November-2015,332.6,341.35,332.1,335.9,338.2362676334,241091,3869,81545720,76650,31.79,9.25,3.3,718
24-November-2015,331.15,336.5,330.55,332.35,334.0101493414,129368,2844,43210225,43061,33.29,5.95,1.2,717
23-November-2015,332.25,333.9,331,332.6,332.768328007,167094,2278,55603591,64696,38.72,2.9,0.35,716
20-November-2015,333.75,337.5,332.2,333.35,334.4569228198,155558,2676,52027450,39978,25.7,5.3,-0.4,715
19-November-2015,335.05,336.8,330.25,333.75,333.618086272,246430,5022,82213505,90697,36.8,6.55,-1.3,714
18-November-2015,333,339.35,327.95,334.95,334.9126949207,536372,7387,179637792,119975,22.37,11.4,1.95,713
17-November-2015,331.95,334.1,330.5,332.2,331.9984426309,195201,2824,64806428,83576,42.82,3.6,0.25,712
16-November-2015,336,336.55,326.95,331.1,332.0671399571,261573,4207,86859798,72482,27.71,9.6,-4.9,711
13-November-2015,330.5,341.4,329.6,337.65,336.8821887104,561262,7702,189079171,274561,48.92,11.8,7.15,710
11-November-2015,330,332.7,328.4,329.1,329.5380416985,45805,1270,15094490,18773,40.98,4.3,-0.9,709
10-November-2015,339,339,323.9,326.4,331.5009355686,158727,3173,52618149,47252,29.77,15.1,-12.6,708
9-November-2015,338,341,332.4,339.15,336.7703082866,222877,3333,75058356,36522,16.39,8.6,1.15,707
6-November-2015,338,344.7,333,341.65,338.559341403,223141,3461,75546470,83517,37.43,11.7,3.65,706
5-November-2015,331.9,339.3,328.35,337.3,335.046027471,334170,3671,111962331,91581,27.41,10.95,5.4,705
4-November-2015,328,331,325,330.25,328.9579856937,168038,3477,55277442,68444,40.73,6,2.25,704
3-November-2015,325,328.05,324.6,325.7,326.3356887411,127508,2095,41610411,47332,37.12,3.45,0.7,703
2-November-2015,323.9,325.95,316.95,325,322.2076040704,234769,3672,75644357,94139,40.1,9,1.1,702
30-October-2015,322,326.4,318.55,319.9,323.1941666107,268146,5355,86663223,113363,42.28,7.85,-2.1,701
29-October-2015,332.9,332.9,320.7,322.15,325.2407925373,264568,5078,86048306,132217,49.97,12.2,-10.75,700
28-October-2015,331.6,334,327.5,329.75,329.7255266303,159837,2569,52702339,63029,39.43,6.5,-1.85,699
27-October-2015,334,334.85,328.4,332.15,330.4304168929,414375,3564,136922104,241890,58.37,6.45,-1.85,698
26-October-2015,343,344.6,332.1,333.2,336.0273260221,197870,2889,66489727,89125,45.04,12.5,-9.8,697
23-October-2015,338.5,343.5,338.5,341.4,341.554722125,134251,2520,45854063,39605,29.5,5,2.9,696
21-October-2015,335,339.55,334.35,337.05,336.7382122995,347396,3791,116981508,128998,37.13,5.2,2.05,695
20-October-2015,336.65,338.4,333.6,334.9,335.6236979167,111360,2558,37375055,37080,33.3,4.8,-1.75,694
19-October-2015,339,340.3,336,338,337.909190513,124128,2379,41943992,41968,33.81,4.3,-1,693
16-October-2015,342,343.2,335.4,338.45,338.2145735393,154856,2790,52374556,47919,30.94,7.8,-3.55,692
15-October-2015,335.7,343.4,333.35,341.8,340.2074342842,181349,3390,61696278,46911,25.87,10.05,6.1,691
14-October-2015,340,340,334,334.65,336.5836612241,106997,1862,36013442,41874,39.14,6,-5.35,690
13-October-2015,333.5,341.4,332,340.5,337.9930051575,152398,2599,51509458,32954,21.62,9.4,7,689
12-October-2015,337.9,340,331.8,334.5,335.087869245,198784,3380,66610107,64484,32.44,8.2,-3.4,688
9-October-2015,346.25,348.5,335,335.65,340.6121969191,291795,4464,99388936,98988,33.92,13.5,-10.6,687
8-October-2015,346.4,348.7,343.5,346.2,346.3046793404,203939,5626,70625030,75599,37.07,5.2,-0.2,686
7-October-2015,342,349,339.8,346.4,345.2312759936,231788,4159,80020467,58909,25.42,9.2,4.4,685
6-October-2015,332.2,344.5,329.35,342.75,338.9374164181,544376,7708,184509395,188839,34.69,15.15,10.55,684
5-October-2015,330.9,332.9,323.85,329.5,328.2606888214,201823,3467,66250557,42892,21.25,9.05,-1.4,683
1-October-2015,329,330.55,324.5,328.2,327.4245316981,241671,3701,79129014,83694,34.63,6.05,-0.8,682
30-September-2015,317.85,328,316.35,326.5,318.4495309856,5643324,9503,1797113881,5229296,92.66,11.65,8.65,681
29-September-2015,307,316.8,300.75,314.6,311.4451254022,319811,5907,99603577,97551,30.5,16.05,7.6,680
28-September-2015,320.3,321.4,308.05,309.65,311.1071541805,391100,7152,121674008,148138,37.88,13.35,-10.65,679
24-September-2015,327,327.25,316.1,318.6,319.388101367,423057,7484,135119372,167441,39.58,11.15,-8.4,678
23-September-2015,321.7,330,317.85,327.75,325.2806168593,258730,4771,84159854,63253,24.45,12.15,6.05,677
22-September-2015,344,344.3,322.9,323.85,330.1371191267,420678,8714,138881423,190770,45.35,21.4,-20.15,676
21-September-2015,343.1,343.75,338.5,342.35,341.7160567312,146163,3020,49946244,39131,26.77,5.25,-0.75,675
18-September-2015,339.3,344.5,338.55,343.05,341.4867673357,339992,3123,116102769,149891,44.09,5.95,3.75,674
16-September-2015,340,340.65,336,337.2,338.5981643222,292535,2743,99051814,180510,61.71,4.65,-2.8,673
15-September-2015,341,341,336,337.4,339.6389611063,886982,3830,301253645,672053,75.77,5,-3.6,672
14-September-2015,334.05,340.15,331.3,339.25,335.6907369725,226060,4943,75886248,48186,21.32,8.85,5.2,671
11-September-2015,341,341,333,333.85,336.8441223183,208407,5087,70200673,69856,33.52,8,-7.15,670
10-September-2015,339,340.5,334.4,338.15,338.1526470841,139852,2794,47291324,40784,29.16,6.1,-0.85,669
9-September-2015,345,345,337.15,338.75,339.1202100612,252117,3673,85497970,81084,32.16,7.85,-6.25,668
8-September-2015,337.6,340.65,335.1,337.7,338.2777378416,233706,3560,79057537,51551,22.06,5.55,0.1,667
7-September-2015,350,351,336.35,337.6,340.8049806088,260169,5464,88666891,82198,31.59,14.65,-12.4,666
4-September-2015,346,348.65,338,346.75,343.31301384,348844,4186,119762685,204277,58.56,10.65,0.75,665
3-September-2015,347.9,351.45,339.6,345.65,344.5779335799,242758,5198,83649050,51906,21.38,11.85,-2.25,664
2-September-2015,358,359.3,342.35,344.5,352.3086104007,178296,3668,62815216,44613,25.02,16.95,-13.5,663
1-September-2015,362,365.5,346.45,355.4,356.7311759183,267357,5751,95374577,94019,35.17,19.05,-6.6,662
31-August-2015,357,367.75,351.65,366.35,362.5543428792,230711,4302,83645275,52789,22.88,16.1,9.35,661
28-August-2015,367,367.1,355.25,357.4,360.8091436476,186512,3161,67295235,48679,26.1,11.85,-9.6,660
27-August-2015,362.2,365.75,355,361,360.6220587916,230475,4020,83114369,55162,23.93,10.75,-1.2,659
26-August-2015,354.5,363,350.1,358.2,358.0104050161,324555,4438,116194067,84151,25.93,12.9,3.7,658
25-August-2015,338.25,355,338.25,353.9,345.4594011324,918400,6748,317269914,125558,13.67,16.75,15.65,657
24-August-2015,341,343.8,332.95,336.3,338.4411529337,423615,6672,143368749,93477,22.07,10.85,-4.7,656
21-August-2015,348.8,353.05,345.7,348.7,348.9040640576,411879,5350,143706257,107716,26.15,7.35,-0.1,655
20-August-2015,356,361.9,348.65,350.05,353.2069904086,539339,6991,190498305,175283,32.5,13.25,-5.95,654
19-August-2015,364.9,365.25,355.35,356.9,360.6008108841,350235,5730,126295025,94188,26.89,9.9,-8,653
18-August-2015,375,383.4,360.3,364.05,365.9909452181,858331,10506,314141374,480284,55.96,23.1,-10.95,652
17-August-2015,379,381.75,374.6,380,379.2544824251,221253,4052,83911192,55942,25.28,7.15,1,651
14-August-2015,377.5,381.7,373.55,377.45,377.3565418079,195848,3312,73904524,44540,22.74,8.15,-0.05,650
13-August-2015,371,378.75,365.2,377.1,373.7845012684,472258,8111,176522721,121110,25.64,13.55,6.1,649
12-August-2015,396,396,363,371.45,375.7928897178,1332971,18773,500921024,587951,44.11,33,-24.55,648
11-August-2015,409,410,390.8,393.2,398.9927392328,401335,8726,160129751,183676,45.77,19.2,-15.8,647
10-August-2015,417.7,419,406.95,408.95,412.1656705488,380979,6644,157026465,104770,27.5,12.05,-8.75,646
7-August-2015,432,433.95,414,415.55,422.0184942754,348324,6160,146999170,104452,29.99,19.95,-16.45,645
6-August-2015,438.5,440.4,430.4,431.1,432.5952836761,170811,2715,73892033,72361,42.36,10,-7.4,644
5-August-2015,444,447.25,436.85,438.05,442.8614312558,195311,3587,86495709,58720,30.06,10.4,-5.95,643
4-August-2015,430.15,444.45,430.15,442.85,437.4266351259,459934,6853,201187382,161878,35.2,14.3,12.7,642
3-August-2015,441.15,442.85,428.3,430.7,432.6835462246,336087,4443,145419315,125440,37.32,14.55,-10.45,641
31-July-2015,423,442,423,439.3,433.3275326223,563724,9067,244277130,269867,47.87,19,16.3,640
30-July-2015,424.4,424.4,417.2,420.2,419.8001183992,295610,3338,124097113,145768,49.31,7.2,-4.2,639
29-July-2015,421,424,418.35,420.15,419.8036343824,249616,4909,104789704,149140,59.75,5.65,-0.85,638
28-July-2015,423.6,427.65,417.55,421.1,422.1443784197,152973,3502,64576692,86615,56.62,10.1,-2.5,637
27-July-2015,425,426.15,419.7,423.95,422.2209737615,176039,3314,74327358,93719,53.24,6.45,-1.05,636
24-July-2015,430.55,434.65,425.1,425.9,430.912192475,206406,2571,88942862,84836,41.1,9.55,-4.65,635
23-July-2015,432.55,436.95,430.05,431.2,433.3699399885,261783,4706,113448883,119935,45.81,6.9,-1.35,634
22-July-2015,425.1,433.65,425.1,432.55,429.5885255005,421404,4155,181030323,248701,59.02,8.55,7.45,633
21-July-2015,425.8,432.1,424.85,428.15,429.0028254697,217309,3232,93226175,64542,29.7,7.25,2.35,632
20-July-2015,432.9,433,423.9,425.45,426.1245012212,99493,2736,42396405,39696,39.9,9.1,-7.45,631
17-July-2015,439.5,439.5,429,429.85,431.8894609646,218891,3412,94536716,79896,36.5,10.5,-9.65,630
16-July-2015,439.7,441.1,436.6,438.1,438.8832457033,290045,3712,127295891,153593,52.95,4.5,-1.6,629
15-July-2015,439,440.85,435.2,436.2,438.3330338069,572014,10279,250732632,386389,67.55,5.65,-2.8,628
14-July-2015,420.2,435.25,420.2,434.05,429.6419837536,785037,13238,337284854,397203,50.6,15.05,13.85,627
13-July-2015,423.85,424.9,416.3,420.05,419.4869855426,429676,4071,180243490,267466,62.25,8.6,-3.8,626
10-July-2015,420.6,425,418.5,419.65,421.4430066784,316695,3313,133468893,171264,54.08,6.5,-0.95,625
9-July-2015,419,422.75,416.15,417.05,418.3067191654,168131,2330,70330327,103599,61.62,6.6,-1.95,624
8-July-2015,428.8,428.8,415,417.65,420.4526277651,248405,6593,104442535,93110,37.48,13.8,-11.15,623
7-July-2015,420.75,430.35,419.4,428.6,428.0746342999,905455,6700,387602318,659918,72.88,10.95,7.85,622
6-July-2015,417,422.55,413.8,419.95,418.6243445575,382566,3794,160151441,260132,68,8.75,2.95,621
3-July-2015,425.4,425.4,415,417.15,419.3741485809,226974,2908,95187028,80802,35.6,10.4,-8.25,620
2-July-2015,426,427.5,419.6,424.05,422.0055889716,307570,4730,129796259,160339,52.13,7.9,-1.95,619
1-July-2015,422.9,429,422,425.1,425.7704776757,1566523,6810,666979246,1263491,80.66,7,2.2,618
30-June-2015,409.1,422.1,409.1,421.05,418.0705875485,753759,7614,315124468,451114,59.85,13,11.95,617
29-June-2015,408.25,414.05,399.7,408.35,406.8012792281,199808,4007,81282150,63563,31.81,14.35,0.1,616
26-June-2015,412,415.9,408.65,410.55,411.9026564189,410628,3761,169138764,239884,58.42,7.25,-1.45,615
25-June-2015,412,414.15,409.05,411.6,411.6911818776,97912,2289,40309507,27719,28.31,5.1,-0.4,614
24-June-2015,419.9,421.35,408.5,412.1,416.6528483945,531036,6867,221257662,199363,37.54,12.85,-7.8,613
23-June-2015,400.7,419.6,399.65,415.15,414.1104475865,820199,9854,339652975,356127,43.42,19.95,14.45,612
22-June-2015,394.65,403.5,394.65,399.75,401.1108656135,852690,4704,342023224,614191,72.03,8.85,5.1,611
19-June-2015,397,399.4,392.15,394.05,395.852519703,136147,3306,53894133,39297,28.86,7.25,-2.95,610
18-June-2015,399.6,401.75,392.7,394.5,397.0348589665,256003,3204,101642115,112187,43.82,9.05,-5.1,609
17-June-2015,398.35,402.55,396.65,397.75,399.1124493796,277556,4848,110776055,127905,46.08,5.9,-0.6,608
16-June-2015,396,398.45,394,396.8,396.8925955362,197543,2812,78403354,77478,39.22,4.45,0.8,607
15-June-2015,398.95,399.15,392.4,394.3,394.9798266308,395918,5004,156379623,183215,46.28,6.75,-4.65,606
12-June-2015,401,401,394,396.45,396.3220153439,221977,5182,87974372,93615,42.17,7,-4.55,605
11-June-2015,405.3,409,399,400.1,404.5753037421,193503,2990,78286535,41441,21.42,10,-5.2,604
10-June-2015,402,406.85,402,404.9,404.0185109319,490629,6162,198223198,203461,41.47,4.85,2.9,603
9-June-2015,398.1,404,395.1,401.05,401.9176096837,641823,5842,257959966,352930,54.99,8.9,2.95,602
8-June-2015,406.2,413.5,398.55,399.7,404.7594021932,880619,9540,356438820,160298,18.2,14.95,-6.5,601
5-June-2015,391.1,409.7,391.1,405.6,405.9503779165,952459,13876,386651091,380168,39.91,18.6,14.5,600
4-June-2015,387,390.5,383.5,388.35,386.1989193014,155455,3889,60036553,43693,28.11,7,1.35,599
3-June-2015,382,392.15,382,386.7,387.8341280231,313959,5265,121764015,80481,25.63,10.15,4.7,598
2-June-2015,392,393.4,382.2,383.6,387.0410522074,347460,6689,134481284,146654,42.21,11.2,-8.4,597
1-June-2015,390,396,390,391.15,393.287686365,143938,3172,56609043,43984,30.56,6,1.15,596
29-May-2015,383.5,393.4,381,391.3,390.2676389944,629486,9389,245668015,218795,34.76,12.4,7.8,595
28-May-2015,383,388,377.55,383.1,382.5804941944,371797,5510,142242280,115546,31.08,10.45,0.1,594
27-May-2015,374.2,383.75,373.5,382.85,380.2054720103,161988,6764,61588724,54102,33.4,10.25,8.65,593
26-May-2015,370,376.35,367.95,374.95,372.4791296213,140031,1980,52158625,49090,35.06,8.4,4.95,592
25-May-2015,375,376.5,366.85,369.75,370.7812186293,164365,2277,60943455,55022,33.48,9.65,-5.25,591
22-May-2015,375,376.2,369.35,374.7,374.0735529483,158702,2379,59366221,61831,38.96,6.85,-0.3,590
21-May-2015,362,374.4,362,372.7,371.1212624655,234747,4109,87119603,55390,23.6,12.4,10.7,589
20-May-2015,364.15,364.75,358.95,360.05,360.0632540986,8169273,3089,2941455020,7837986,95.94,5.8,-4.1,588
19-May-2015,368,368,363.5,364.3,364.8700394824,69398,1153,25321251,20659,29.77,4.5,-3.7,587
18-May-2015,366.2,369,364.3,366,365.3272515528,103040,2914,37643320,46832,45.45,4.7,-0.2,586
15-May-2015,370.5,370.5,364.5,366.15,365.5627414283,501184,2020,183214197,419505,83.7,6,-4.35,585
14-May-2015,369,371,363.65,369.5,367.0642347343,68094,1909,24994872,16084,23.62,7.35,0.5,584
13-May-2015,368.95,372.6,365.25,368.25,368.4866162123,318968,2180,117535439,263944,82.75,7.35,-0.7,583
12-May-2015,373,376.3,367.15,369.45,371.1925347406,273239,4859,101424277,134410,49.19,9.15,-3.55,582
11-May-2015,364,374,364,370.7,371.4483322017,188512,3650,70022468,62687,33.25,10,6.7,581
8-May-2015,361.1,365.8,359.25,363.55,363.6154731501,119032,7411,43281877,52811,44.37,6.55,2.45,580
7-May-2015,358,362,352.3,360.85,357.9014440162,226521,17781,81072193,104153,45.98,9.7,2.85,579
6-May-2015,364,364,352,353.05,355.7726108535,257299,13179,91539937,112954,43.9,12,-10.95,578
5-May-2015,369.7,369.8,361.55,364.65,364.9239330037,198220,10307,72335222,95712,48.29,8.25,-5.05,577
4-May-2015,364.9,370.55,363.75,369.65,367.195010761,196543,12975,72169609,94672,48.17,6.8,4.75,576
30-April-2015,369.9,370.35,359.65,363,362.6921409299,192351,6526,69764196,61543,32,10.7,-6.9,575
29-April-2015,372,374.95,370,371.25,372.0650087609,162655,5053,60518234,77564,47.69,4.95,-0.75,574
28-April-2015,375.55,377.85,371.25,372.7,374.7879068113,84345,3045,31611486,18709,22.18,6.6,-2.85,573
27-April-2015,376.45,379.95,370.85,377.7,376.4313027245,226057,7238,85094931,96335,42.62,9.1,1.25,572
24-April-2015,384,384.7,374.3,376.15,378.6419109535,118747,4669,44962591,44820,37.74,10.4,-7.85,571
23-April-2015,381.5,385.8,380.4,384.2,384.1039722178,132747,3849,50988650,55877,42.09,5.4,2.7,570
22-April-2015,373.1,380.55,373.1,378.7,377.0182981931,226853,7368,85527732,80188,35.35,7.45,5.6,569
21-April-2015,372,378.6,372,374.3,375.6347913122,99910,6814,37529672,37779,37.81,6.6,2.3,568
20-April-2015,382,382,370.6,372.1,374.2460750892,87709,6620,32824749,38579,43.99,11.4,-9.9,567
17-April-2015,381.55,384.95,379.4,381.1,381.7244932476,76862,3222,29340108,22065,28.71,5.55,-0.45,566
16-April-2015,385,386,380.65,382.95,383.5154617414,85275,3232,32704281,28879,33.87,5.35,-2.05,565
15-April-2015,392,392,383.85,385.5,387.1017208337,100707,5560,38983853,28868,28.67,8.15,-6.5,564
13-April-2015,389,395.4,383.7,392.3,391.6338941681,218781,10475,85682055,77681,35.51,11.7,3.3,563
10-April-2015,386,389,383.7,388.05,386.5252440187,170991,6306,66092338,45168,26.42,5.3,2.05,562
9-April-2015,384,388.5,379.3,386.3,384.3455900819,314575,13809,120905514,106215,33.76,9.2,2.3,561
8-April-2015,364.1,382.3,364.1,380,375.9430313935,527975,23362,198488522,201072,38.08,18.2,15.9,560
7-April-2015,360.25,362.5,356.35,359.4,359.6715502795,99653,3704,35842349,27526,27.62,6.15,-0.85,559
6-April-2015,365,365,358.95,360.25,360.5253597046,70683,2764,25483014,21235,30.04,6.05,-4.75,558
1-April-2015,363,364.3,357.95,362.85,361.9472859939,84285,4203,30506727,31522,37.4,6.35,-0.15,557
31-March-2015,360,365.8,359.45,362.4,363.7133808646,187245,5328,68103512,71843,38.37,6.35,2.4,556
30-March-2015,352,359.35,346.8,358.8,357.105744194,361391,5988,129054802,44593,12.34,12.55,6.8,555
27-March-2015,355,355,346.2,347.45,348.8895850925,662003,6815,230965952,549317,82.98,8.8,-7.55,554
26-March-2015,360,362,350.1,352.65,354.17270554,192420,7554,68149912,59337,30.84,11.9,-7.35,553
25-March-2015,370.3,370.95,359,362.3,363.2995830277,207208,8670,75278580,67271,32.47,11.95,-8,552
24-March-2015,368.25,372.7,366.45,370.1,369.8531495958,224378,9976,82986910,87013,38.78,6.25,1.85,551
23-March-2015,368,369.9,363.1,368.9,366.8420770575,229517,11332,84196493,73320,31.95,6.8,0.9,550
20-March-2015,368.9,371,363.8,368.1,367.0848280914,181579,6808,66654896,51736,28.49,7.2,-0.8,549
19-March-2015,365.1,369.65,363.15,365.35,366.5729943033,173082,5599,63447187,55082,31.82,6.5,0.25,548
18-March-2015,362,365.1,361.3,364.35,362.956479654,132237,3784,47996276,74649,56.45,3.8,2.35,547
17-March-2015,366.6,368.2,359.75,361.65,363.3219106872,121192,3895,44031709,33771,27.87,8.45,-4.95,546
16-March-2015,366.55,366.9,361.25,364.5,365.5262248492,449688,5157,164372757,340427,75.7,5.65,-2.05,545
13-March-2015,368.95,369.3,363.2,364.7,366.9896033675,347324,6930,127464297,218521,62.92,6.1,-4.25,544
12-March-2015,369.85,372,363.5,364.75,366.6123152656,92227,3469,33811554,43242,46.89,8.5,-5.1,543
11-March-2015,370,370.65,366.3,369.3,368.2592733669,178522,4837,65742382,68492,38.37,4.35,-0.7,542
10-March-2015,358,371.9,358,370.65,367.0563969748,304644,10840,111821529,109997,36.11,13.9,12.65,541
9-March-2015,363,369.4,356,356.95,363.9075898425,550881,15748,200469777,303434,55.08,13.4,-6.05,540
5-March-2015,372.5,374.25,362,363.95,366.7563603152,235405,6600,86336281,106286,45.15,12.25,-8.55,539
4-March-2015,380.15,381.35,370.55,372.1,374.9107542909,221400,6317,83005241,85214,38.49,10.8,-8.05,538
3-March-2015,374,382,372.25,379.35,377.2453212142,766171,8955,289034425,576271,75.21,9.75,5.35,537
2-March-2015,397.1,398,386.1,394.7,392.2416700381,338627,9389,132823620,167066,49.34,11.9,-2.4,536
28-February-2015,398.8,399,390.05,393.85,394.2445947613,348597,10621,137432483,129808,37.24,8.95,-4.95,535
27-February-2015,385,397.7,384.4,395.45,393.9533949817,447484,12634,176287841,177854,39.75,13.3,10.45,534
26-February-2015,386.9,386.9,378.65,384.2,383.9381876924,328090,9254,125966280,112305,34.23,8.25,-2.7,533
25-February-2015,387.7,389.7,383.8,386.9,386.8974888939,191111,11000,73940366,82782,43.32,5.9,-0.8,532
24-February-2015,387.95,390,382.9,384.35,386.4336905969,253501,9030,97961327,102818,40.56,7.1,-3.6,531
23-February-2015,383.3,386.75,382.4,383.85,384.7363882749,256066,8081,98517908,105591,41.24,4.35,0.55,530
20-February-2015,384.7,385,377.55,382.7,382.5995467347,270923,8675,103655017,96934,35.78,7.45,-2,529
19-February-2015,380.9,389.7,376.1,385.1,382.482002877,309355,7814,118322720,89660,28.98,13.6,4.2,528
18-February-2015,379,384.45,377.1,380.95,380.9951113284,270012,9011,102873252,113791,42.14,7.35,1.95,527
16-February-2015,379,383.8,375.3,377.2,378.9722158087,463429,15835,175626715,127009,27.41,8.5,-1.8,526
13-February-2015,364.55,379.7,363,377.5,374.4308910432,689585,16556,258201926,332524,48.22,16.7,12.95,525
12-February-2015,372.55,374.1,365.05,368.75,368.7753142119,365279,11285,134705878,100242,27.44,9.05,-3.8,524
11-February-2015,369,376.35,369,371.65,373.4777234637,816240,16491,304847457,273128,33.46,7.35,2.65,523
10-February-2015,358,369,358,368.3,365.7936202188,451144,14116,165025597,165631,36.71,11,10.3,522
9-February-2015,362,362.4,358.2,360.7,360.4645641069,298525,10474,107607684,132673,44.44,4.2,-1.3,521
6-February-2015,369.7,370.15,359.25,364.15,364.8426185922,442314,15988,161374998,178822,40.43,10.9,-5.55,520
5-February-2015,366,374.8,365.9,369.55,371.2045393716,1255372,33722,465999785,580831,46.27,8.9,3.55,519
4-February-2015,356.5,368.5,356.5,365.85,363.5985225718,2351654,47193,855057920,1367795,58.16,12,9.35,518
3-February-2015,355.9,359.8,353.3,356.7,356.8905953455,1817281,28013,648570498,1200129,66.04,6.5,0.8,517
2-February-2015,353.05,357,349.95,354.9,353.3981368822,7783190,67518,2750564845,5196565,66.77,7.05,1.85,516
30-January-2015,362,364,360.1,360.85,362.2343412929,1316951,20523,477044878,400873,30.44,3.9,-1.15,515
29-January-2015,367,380.1,364.6,375.15,372.9493929057,2315703,32958,863640028,1441706,62.26,15.5,8.15,514
28-January-2015,383,388.75,380.65,384.05,384.0291495408,163982,3992,62973868,79801,48.66,8.1,1.05,513
27-January-2015,392.5,393.7,379.5,383,382.5906480009,115077,5393,44027384,35183,30.57,14.2,-9.5,512
23-January-2015,397,399.85,390.9,393.9,394.4504499027,148032,5860,58391289,48664,32.87,8.95,-3.1,511
22-January-2015,393,396.65,390.7,395.5,393.9748393485,206036,8229,81173000,70158,34.05,5.95,2.5,510
21-January-2015,384,393,382,390.65,387.3862090172,260170,9150,100786270,111980,43.04,11,6.65,509
20-January-2015,379,384,378.95,381.75,380.3628087649,200800,3195,76376852,151148,75.27,5.05,2.75,508
19-January-2015,378,383.2,373.75,378.8,379.3981363864,122021,4915,46294540,35129,28.79,9.45,0.8,507
16-January-2015,366.7,379.55,364.5,377.9,376.0880520379,153273,6092,57644144,48560,31.68,15.05,11.2,506
15-January-2015,370,370.95,362.25,368.5,367.9060413334,226887,7220,83473098,109843,48.41,8.7,-1.5,505
14-January-2015,362.15,364.85,360.7,363.55,362.8776966963,113055,4169,41025138,24283,21.48,4.15,1.4,504
13-January-2015,359,362.4,358.2,361.45,359.6236482364,385145,6311,138507250,298626,77.54,4.2,2.45,503
12-January-2015,374.05,374.05,356.75,358.7,359.5675611816,287791,10728,103480308,90652,31.5,17.3,-15.35,502
9-January-2015,380.15,382.65,373.65,375.75,376.7791724832,87394,4464,32928239,27842,31.86,9,-4.4,501
8-January-2015,382,385,377.2,378.4,381.5639201699,149718,6720,57126987,43188,28.85,7.8,-3.6,500
7-January-2015,381,384.2,372.2,374.9,378.3243589281,166362,6757,62938797,35367,21.26,12,-6.1,499
6-January-2015,374.9,381.45,372.9,378.8,378.622081605,231677,8963,87718028,65475,28.26,8.55,3.9,498
5-January-2015,380,385.6,375.4,378.9,381.5135522287,178015,6447,67915135,46283,26,10.2,-1.1,497
2-January-2015,380,386.75,379.5,381.65,383.9820982312,102839,3852,39488335,22300,21.68,7.25,1.65,496
1-January-2015,384,384,378.6,380.3,380.2165431725,66130,2547,25143720,15774,23.85,5.4,-3.7,495
31-December-2014,383.05,388.3,379.5,383.75,382.9273374044,84335,3145,32294177,25042,29.69,8.8,0.7,494
30-December-2014,387,388,382,382.6,383.603216333,77977,2789,29912228,22453,28.79,6,-4.4,493
29-December-2014,378.5,388.5,378.5,386.25,385.1981106254,127873,4519,49256438,40021,31.3,10,7.75,492
26-December-2014,379.9,382.8,376.9,377.85,378.8163839354,92078,3456,34880655,26710,29.01,5.9,-2.05,491
24-December-2014,383.7,389.6,374,377.15,383.72535128,211441,7194,81135272,53971,25.53,15.6,-6.55,490
23-December-2014,392,393,381.5,383.6,385.3768942323,155208,5929,59813577,40926,26.37,11.5,-8.4,489
22-December-2014,378,391.7,378,390.15,386.5363678607,383058,11960,148065848,201747,52.67,13.7,12.15,488
19-December-2014,369.9,379.5,367.25,376.55,375.9757488155,236607,6733,88958494,91561,38.7,12.25,6.65,487
18-December-2014,368.2,370.4,363,367.4,367.1943899944,151515,4497,55635458,41350,27.29,7.4,-0.8,486
17-December-2014,365.9,371.85,359,366.85,365.5317832181,153666,5315,56169807,44812,29.16,12.85,0.95,485
16-December-2014,377,380.5,364.4,366.3,373.3861042601,202321,8349,75543850,70182,34.69,16.1,-10.7,484
15-December-2014,364,379,361.15,377.25,373.8551479393,298974,13424,111772969,146196,48.9,17.85,13.25,483
12-December-2014,365,368.7,362.7,365.35,365.7687396536,202365,6759,74018791,74931,37.03,6,0.35,482
11-December-2014,360.2,365.05,355.4,363.75,360.5041580194,136844,4011,49332831,50343,36.79,9.65,3.55,481
10-December-2014,361.5,364.45,358.6,360.15,361.0603035993,108103,3364,39031702,38026,35.18,5.85,-1.35,480
9-December-2014,364.8,365,356.45,361.05,360.9497355837,197416,6125,71257253,75731,38.36,8.55,-3.75,479
8-December-2014,358,368,357,364.3,364.2619909383,379620,10518,138281137,130654,34.42,11,6.3,478
5-December-2014,355.5,359.3,355.2,356.45,356.8826410608,77378,2221,27614865,29102,37.61,4.1,0.95,477
4-December-2014,358.4,358.4,351.2,355.5,354.5968843709,172742,3847,61253775,46225,26.76,7.2,-2.9,476
3-December-2014,356,359.4,353.45,357.2,356.5690141887,405605,5902,144626175,271801,67.01,5.95,1.2,475
2-December-2014,353.7,357.7,348.65,355.2,354.0878660436,192600,3953,68197323,109643,56.93,9.05,1.5,474
1-December-2014,354.9,355,346.4,353.7,353.5043712273,334803,4567,118354324,229736,68.62,8.6,-1.2,473
28-November-2014,348.1,357.85,347,354.75,351.9243521136,389806,7768,137182224,186902,47.95,10.85,6.65,472
27-November-2014,350,351.3,346.65,349.2,349.3908704222,144585,3691,50516679,49704,34.38,4.65,-0.8,471
26-November-2014,347,351.75,347,349.5,350.0982040293,271608,5370,95089473,135352,49.83,4.75,2.5,470
25-November-2014,345.2,349.4,341.4,347.8,345.6802480504,122717,4539,42420843,31313,25.52,8,2.6,469
24-November-2014,345.05,350,345,347.4,347.3530066741,149983,4240,52097046,53495,35.67,5,2.35,468
21-November-2014,344.3,348.05,343.8,347.1,346.2880229071,427466,6587,148026356,324382,75.88,4.25,2.8,467
20-November-2014,346,352.8,343.95,346.75,346.1811673368,309388,8267,107104299,153222,49.52,8.85,0.75,466
19-November-2014,353.9,354.45,343.75,346.6,347.333076758,214362,6192,74455013,97559,45.51,10.7,-7.3,465
18-November-2014,353.1,359.2,350.2,352.15,353.6497152616,168049,6077,59430481,72026,42.86,9,-0.95,464
17-November-2014,356,356.4,351.75,353.1,353.4758542811,105381,3585,37249639,38572,36.6,4.65,-2.9,463
14-November-2014,343.9,358.45,343.9,356.5,354.8717127648,239525,7587,85000647,108843,45.44,14.55,12.6,462
13-November-2014,345,348.9,344.7,347.35,346.9251566189,119877,3610,41588347,40853,34.08,4.2,2.35,461
12-November-2014,345.65,348.4,344.1,346,345.6894891567,277913,5822,96071603,151930,54.67,4.3,0.35,460
11-November-2014,350.1,352.65,344.35,345.65,346.6531988024,541734,10439,187793824,267853,49.44,8.3,-4.45,459
10-November-2014,340.05,353.05,340,349.25,348.7922644843,316359,8401,110343572,95201,30.09,13.05,9.2,458
7-November-2014,347,347.45,342.3,344.7,344.3781404711,367620,7750,126600292,188181,51.19,5.15,-2.3,457
5-November-2014,360,362.2,344.55,348.95,349.0309962482,585587,12436,204388014,293058,50.05,17.65,-11.05,456
3-November-2014,372,375.15,359.05,360.3,365.1229868174,270964,7910,98935185,88334,32.6,16.1,-11.7,455
31-October-2014,361,370.85,360.5,369.35,367.2948278717,314068,10187,115355552,119137,37.93,10.35,8.35,454
30-October-2014,358.4,362.8,356.7,360.25,359.8395849433,151401,5138,54480073,44549,29.42,6.1,1.85,453
29-October-2014,356.5,359.85,355.5,357.95,358.0100244185,101153,3525,36213788,34967,34.57,4.35,1.45,452
28-October-2014,354,357.45,348,356.4,354.3435542964,149301,4862,52903847,41946,28.09,9.45,2.4,451
27-October-2014,352,358.5,348.1,355.75,355.1451582853,128818,5177,45749089,28825,22.38,10.4,3.75,450
23-October-2014,356,356.4,351.5,352.75,353.1556864653,55509,1711,19603319,35548,64.04,4.9,-3.25,449
22-October-2014,355.55,357,351.55,353,352.9003274899,233595,6821,82435752,139443,59.69,5.45,-2.55,448
21-October-2014,363,363,352.1,355.05,355.1471706828,277134,8714,98423356,68359,24.67,10.9,-7.95,447
20-October-2014,357.9,366.4,352.1,360.7,357.4612221073,262121,8719,93698093,79520,30.34,14.3,2.8,446
17-October-2014,349.85,354.3,346.4,351.55,350.7885565734,283499,10609,99448205,127537,44.99,7.9,1.7,445
16-October-2014,344,351.3,340.75,348.85,348.8240495712,476890,8192,166350701,285138,59.79,10.55,4.85,444
14-October-2014,342.55,347.2,339.9,344.25,344.2017055762,311449,6278,107201277,189028,60.69,7.3,1.7,443
13-October-2014,336,343,331.6,340.95,338.6334120081,154645,6527,52367964,42698,27.61,11.4,4.95,442
10-October-2014,343,343,333.5,334.55,336.7658346398,268541,12815,90435434,79468,29.59,9.5,-8.45,441
9-October-2014,339,345.5,339,343.3,342.507659338,214183,7061,73359318,82579,38.56,6.5,4.3,440
8-October-2014,339.95,343.6,338.4,341.35,341.5723308616,182868,5088,62462649,80964,44.27,5.2,1.4,439
7-October-2014,343,347.8,338.2,340.4,341.5841046278,387660,9698,132418494,155400,40.09,9.6,-2.6,438
1-October-2014,342.55,347.5,342.1,344.05,344.1102084302,258120,7685,88821727,149206,57.8,5.4,1.5,437
30-September-2014,342.9,349.75,338.75,341.35,343.00209536,284438,8983,97562830,66891,23.52,11,-1.55,436
29-September-2014,347.3,347.3,341.1,342.85,343.8812906794,141042,4861,48501705,45766,32.45,6.2,-4.45,435
26-September-2014,345,350.8,335.65,348,344.8836470689,396406,15108,136713947,83215,20.99,15.15,3,434
25-September-2014,360,362.35,343.2,346.55,353.5902809211,868251,27522,307005115,239953,27.64,19.15,-13.45,433
24-September-2014,336,353,336,351.35,347.6562700244,936360,26489,325531425,190632,20.36,17,15.35,432
23-September-2014,345,345,333,334.55,338.1185174922,288700,10043,97614816,110017,38.11,12,-10.45,431
22-September-2014,343,347.9,340.7,343.1,344.077406848,133089,4606,45792918,35438,26.63,7.2,0.1,430
19-September-2014,344.9,349.45,343.25,345.85,347.1447841727,128992,4944,44778900,40659,31.52,6.2,0.95,429
18-September-2014,340,347.5,339.95,344.9,344.876457485,237481,7411,81901606,89716,37.78,7.55,4.9,428
17-September-2014,346,349.2,336.55,339.85,341.7479627504,386796,11669,132186745,113826,29.43,12.65,-6.15,427
16-September-2014,352,352.5,342.55,344.2,347.2795963402,272804,9158,94739263,99780,36.58,9.95,-7.8,426
15-September-2014,358,358,351,352,353.4717215587,165780,5917,58598542,72818,43.92,7,-6,425
12-September-2014,362.15,363.1,355.3,357.95,358.233703198,261447,7514,93659127,89987,34.42,7.8,-4.2,424
11-September-2014,374,374.6,360,360.65,363.192646743,577404,18664,209708887,251483,43.55,14.6,-13.35,423
10-September-2014,382.2,384.9,372.1,373.85,378.7886678527,352431,9735,133496869,103778,29.45,12.8,-8.35,422
9-September-2014,376,382.9,374.5,380.7,378.6315880888,322419,7307,122078018,108898,33.78,8.4,4.7,421
8-September-2014,365.5,376.35,362.55,374.5,372.392543804,197071,6195,73387771,51473,26.12,13.8,9,420
5-September-2014,378.95,378.95,368.2,371.25,372.0398833108,183736,6018,68357120,48584,26.44,10.75,-7.7,419
4-September-2014,377,381.5,371.5,378.05,377.9125263011,415382,10635,156978061,78839,18.98,10,1.05,418
3-September-2014,364.8,378.9,363,376,370.8008938331,422674,9706,156727897,115619,27.35,15.9,11.2,417
2-September-2014,366,368,361.85,363.65,364.8392171235,141887,4895,51765942,42632,30.05,6.15,-2.35,416
1-September-2014,358,366.65,358,365.35,363.7614786374,224504,8764,81665907,81604,36.35,8.65,7.35,415
28-August-2014,359.1,360.55,355.3,356.4,357.705244333,129168,4014,46204071,38559,29.85,5.25,-2.7,414
27-August-2014,357,363.35,354.2,358.1,357.1437160959,173467,6281,61952649,56525,32.59,9.15,1.1,413
26-August-2014,360.15,365,351.5,356.65,357.3630867512,341563,10094,122062008,78784,23.07,13.5,-3.5,412
25-August-2014,359,361.9,356.3,358.55,358.7121221468,162100,5411,58147235,34184,21.09,5.6,-0.45,411
22-August-2014,365,365.55,356.5,357.3,359.2628668608,196396,7651,70557790,64206,32.69,9.05,-7.7,410
21-August-2014,366.45,370.25,363.75,364.75,366.8225416773,199089,6036,73030333,54380,27.31,6.5,-1.7,409
20-August-2014,369.7,370.5,365.1,366.65,367.8006734531,115524,4342,42489805,28468,24.64,5.4,-3.05,408
19-August-2014,365,372,365,368.95,368.4919038781,285013,11417,105024983,110508,38.77,7,3.95,407
18-August-2014,355.8,365.3,354.7,363.7,361.3819790297,154409,6620,55800630,49482,32.05,10.6,7.9,406
14-August-2014,356.55,357.5,352,356.6,354.5777937897,248426,7169,88086343,107928,43.44,5.5,0.05,405
13-August-2014,365.1,368,348,352.75,356.2223918835,254101,9534,90516466,77592,30.54,20,-12.35,404
12-August-2014,359.9,366.5,359.5,364.35,364.2865514303,190102,7544,69251602,59417,31.26,7,4.45,403
11-August-2014,358.1,360,356.35,357.7,357.8621577846,88906,2943,31816093,31519,35.45,3.65,-0.4,402
8-August-2014,359.8,360.4,351.8,354.9,355.496161816,169872,7398,60388844,69820,41.1,8.6,-4.9,401
7-August-2014,359,366,357,362.6,363.1079479268,175983,6045,63900826,37917,21.55,9,3.6,400
6-August-2014,360.9,365.7,359,360.05,362.4345297007,222284,6610,80563397,52641,23.68,6.7,-0.85,399
5-August-2014,362,367.45,353.95,361.05,360.7199875725,440959,11555,159062725,96625,21.91,13.5,-0.95,398
4-August-2014,359.5,363.2,354.75,359.85,356.7598142431,670123,11253,239072957,415357,61.98,8.45,0.35,397
1-August-2014,366.8,372.85,356.1,359.45,361.9548078899,900135,20826,325808191,596827,66.3,16.75,-7.35,396
31-July-2014,368.5,371.75,365.6,368.95,369.3978610318,710997,11485,262640771,328169,46.16,6.15,0.45,395
30-July-2014,364,368,363.75,367.15,365.1658941361,391786,12043,143066885,242245,61.83,4.25,3.15,394
28-July-2014,378.65,378.65,363.2,364.4,365.3100875311,514903,12819,188099260,274100,53.23,15.45,-14.25,393
25-July-2014,385,386.7,374.35,376.2,380.5978355845,783953,10491,298370815,491023,62.63,12.35,-8.8,392
24-July-2014,384.6,386.5,384,385.05,384.9637374148,149879,3385,57697980,59062,39.41,2.5,0.45,391
23-July-2014,390,393.25,382.6,384.05,386.7200236606,226537,7818,87606394,56195,24.81,10.65,-5.95,390
22-July-2014,380,388.45,379,386.95,384.7003369259,358239,8591,137814664,173743,48.5,9.45,6.95,389
21-July-2014,376,381.4,375.25,378.5,377.9788310864,324438,6770,122630696,215072,66.29,6.15,2.5,388
18-July-2014,375,378.55,366.05,375.35,372.1931101644,430257,11965,160138691,145450,33.81,12.5,0.35,387
17-July-2014,363.7,377.4,363.5,375.7,372.6420460162,333839,9972,124402448,92974,27.85,13.9,12,386
16-July-2014,366.5,369,359,365.25,363.4658688283,417712,11007,151824055,169034,40.47,10,-1.25,385
15-July-2014,362.5,367.4,357.9,364.45,363.2019070055,303932,12810,110388682,76173,25.06,9.5,1.95,384
14-July-2014,364,366.7,353,359.25,357.9986449104,374145,13394,133943403,82802,22.13,13.7,-4.75,383
11-July-2014,373,374.5,357.75,362.45,363.7494059549,919543,18455,334483220,476930,51.87,16.75,-10.55,382
10-July-2014,366,380.2,357.05,371.15,371.3067739187,820249,25097,304564010,141271,17.22,23.15,5.15,381
9-July-2014,378.5,384,363.2,365.65,370.1995389334,497542,15341,184189819,186301,37.44,20.8,-12.85,380
8-July-2014,397,397.95,373,376.85,384.7239050785,453891,20842,174622718,214955,47.36,24.95,-20.15,379
7-July-2014,396,399.5,392.25,396.5,396.459216998,303754,8575,120426073,117079,38.54,7.25,0.5,378
4-July-2014,397,397,388.2,394.05,392.9282236615,226342,6764,88936160,70588,31.19,8.8,-2.95,377
3-July-2014,394.55,399.2,394,396.3,396.5617137432,117964,3490,46780006,39874,33.8,5.2,1.75,376
2-July-2014,389.75,394.2,386,393.5,391.9177110417,436146,12059,170933342,167374,38.38,8.2,3.75,375
1-July-2014,388,392.2,383.9,384.85,387.1945504114,409719,14332,158640964,114934,28.05,8.3,-3.15,374
30-June-2014,383,386.5,381.7,385.3,384.2141526001,279030,8807,107207275,86294,30.93,4.8,2.3,373
27-June-2014,392,392.5,380.3,382.15,383.9906467153,461656,13942,177271586,170030,36.83,12.2,-9.85,372
26-June-2014,400,403,386.9,388.6,395.9076795498,337650,10338,133678228,121481,35.98,16.1,-11.4,371
25-June-2014,394,400.25,392.55,397.7,397.4356995115,274127,8322,108947856,68938,25.15,7.7,3.7,370
24-June-2014,389.55,394.7,386.1,391.6,391.2933772069,261053,7810,102148310,68213,26.13,8.6,2.05,369
23-June-2014,386.45,390.5,383.8,387.9,387.0171431386,243596,7242,94275828,47320,19.43,6.7,1.45,368
20-June-2014,382,394.5,381.3,386.45,388.6586023062,431611,12788,167749328,60124,13.93,13.2,4.45,367
19-June-2014,397,398.5,383.8,386.4,388.9344391092,444213,15863,172769734,105463,23.74,14.7,-10.6,366
18-June-2014,402.8,403.9,389.6,394.05,398.4928683347,507385,14858,202189304,154156,30.38,14.3,-8.75,365
17-June-2014,390.1,401.9,387.45,400.65,396.1740879435,510851,15194,202385929,131157,25.67,14.45,10.55,364
16-June-2014,389.35,393.2,378.5,389.4,386.3801293208,506183,16956,195579053,135287,26.73,14.7,0.05,363
13-June-2014,395.1,405.5,386,389.1,394.320153993,643406,19147,253707953,230531,35.83,19.5,-6,362
12-June-2014,406,406.25,391.45,394.75,398.0177347031,570689,18566,227144343,232804,40.79,14.8,-11.25,361
11-June-2014,422.85,423.85,401.8,404.1,414.0789026148,726199,20558,300703685,236206,32.53,22.05,-18.75,360
10-June-2014,416.4,423.5,404.6,420.25,415.8404332819,1341113,36798,557689011,418817,31.23,18.9,3.85,359
9-June-2014,394,418.95,391.2,412.9,409.3285665378,1530588,35743,626513392,383861,25.08,27.75,18.9,358
6-June-2014,393.5,397.15,389.1,391,392.8843334975,578655,16811,227344484,209025,36.12,8.05,-2.5,357
5-June-2014,392.7,397.3,388,391.1,391.312661512,582387,18716,227895407,183318,31.48,9.3,-1.6,356
4-June-2014,394,395.75,385.55,390.2,390.4274464739,330680,11664,129106548,93648,28.32,10.2,-3.8,355
3-June-2014,376.9,394.4,374,393.1,386.4143117735,838750,24444,324105004,224491,26.76,20.4,16.2,354
2-June-2014,370.5,376.45,367.05,373.35,372.4683780036,325944,11195,121403833,99911,30.65,9.4,2.85,353
30-May-2014,372.8,381.9,369,371.15,375.8696979095,345029,10972,129685946,99919,28.96,12.9,-1.65,352
29-May-2014,381,383.5,371.05,373.6,377.4642841528,1120721,26483,423032150,401899,35.86,12.45,-7.4,351
28-May-2014,393.4,394.8,378.6,380.35,383.2760825812,512756,16007,196527111,171811,33.51,16.2,-13.05,350
27-May-2014,405,407,385.6,393.05,395.1300688513,878996,23695,347317750,159824,18.18,21.4,-11.95,349
26-May-2014,406,417,387.5,400.75,407.9315019485,1120864,34102,457235735,339979,30.33,29.5,-5.25,348
23-May-2014,398.7,400,389.9,397.55,394.2206628012,764030,15011,301196413,253946,33.24,10.1,-1.15,347
22-May-2014,378.2,401,378.2,389.95,392.1622351191,1388454,37863,544499224,355796,25.63,22.8,11.75,346
21-May-2014,366.7,374.5,355.45,372.15,368.3702170241,1546971,28218,569858043,613049,39.63,19.05,5.45,345
20-May-2014,391.1,393,360.75,366.7,372.1244705003,840416,27883,312739359,366113,43.56,32.25,-24.4,344
19-May-2014,350,393.8,346,389.65,376.6314854316,1338924,36841,504280935,311556,23.27,47.8,39.65,343
16-May-2014,354,365.2,340.35,345.65,354.9855576154,1566985,46724,556257044,590043,37.65,24.85,-8.35,342
15-May-2014,342.9,345,330.6,340.7,338.1019377345,429419,11281,145187396,132211,30.79,14.4,-2.2,341
14-May-2014,333,345.1,327.75,342.9,337.4992034897,724410,17274,244487798,157837,21.79,17.35,9.9,340
13-May-2014,336.7,342.35,325.4,331.65,332.6777048698,767939,18331,255476184,281164,36.61,16.95,-5.05,339
12-May-2014,310,336.2,308.45,330.8,323.6137312729,974855,26005,315476464,357948,36.72,27.75,20.8,338
9-May-2014,294.3,310,294.15,309.05,305.0270243779,418289,14200,127589449,230608,55.13,15.85,14.75,337
8-May-2014,295,297.2,293.2,294.15,294.6054419599,156745,3182,46177930,37711,24.06,4,-0.85,336
7-May-2014,295.25,298,294,295.4,296.4677206979,103286,3708,30620965,46424,44.95,4,0.15,335
6-May-2014,296.65,298,295.45,296.45,296.3201365075,181382,2707,53747139,137258,75.67,2.55,-0.2,334
5-May-2014,296,299.1,293.75,296.65,296.3905146522,98552,3748,29209878,40069,40.66,5.35,0.65,333
2-May-2014,292,297.65,292,295.5,294.856940918,111066,5663,32748581,45311,40.8,5.65,3.5,332
30-April-2014,298,299.95,289.5,291.7,294.7620722312,195345,6061,57580297,65100,33.33,10.45,-6.3,331
29-April-2014,295,298.6,292.35,296.75,295.4232824867,156418,5389,46209519,61581,39.37,6.25,1.75,330
28-April-2014,298,299.4,294.25,295.75,296.5218011006,80684,3496,23924565,25341,31.41,5.15,-2.25,329
25-April-2014,302,304.15,299.2,300.05,301.1671327529,208116,6959,62677699,82335,39.56,4.95,-1.95,328
23-April-2014,300.9,303.5,297.35,302,300.526416803,221961,8306,66705144,112814,50.83,6.15,1.1,327
22-April-2014,296,300.7,295.2,298.9,298.9119642683,368748,10716,110223189,211279,57.3,5.5,2.9,326
21-April-2014,290,297.55,290,296.25,294.1446911141,172070,5394,50613477,90332,52.5,7.55,6.25,325
17-April-2014,290,291.9,286.55,290.9,289.5145064915,118154,4464,34207297,35588,30.12,5.35,0.9,324
16-April-2014,291.1,295.35,286.4,289.7,290.6014113872,183224,5266,53245153,60118,32.81,8.95,-1.4,323
15-April-2014,293,294.95,285.5,292.4,291.4524123837,268158,8272,78155296,101771,37.95,9.45,-0.6,322
11-April-2014,289,294,287.55,293.05,291.2622234853,239273,8431,69691186,111546,46.62,6.45,4.05,321
10-April-2014,287,293.45,284.4,292.15,289.7687462319,222258,7911,64403422,99040,44.56,9.05,5.15,320
9-April-2014,283.6,289,283.6,288.05,287.0252990818,166844,5938,47888449,79794,23.91,5.4,4.45,319
7-April-2014,293,293,277,284.1,281.0421637977,122285,5156,34367241,37639,15.39,16,-8.9,318
4-April-2014,282,284.6,275.3,282,280.7145587479,254809,7871,71528596,45739,17.95,9.3,0,317
3-April-2014,287,288,280,280.85,282.3548084935,174015,4715,49133972,73681,42.34,8,-6.15,316
2-April-2014,291,292,285.25,287.2,287.6678180105,121018,3880,34812984,35664,29.47,6.75,-3.8,315
1-April-2014,289.9,291,282.2,289.65,286.6381857788,202908,6262,58161181,55953,27.58,8.8,-0.25,314
31-March-2014,287,292.1,284.35,287.9,288.6107545797,276273,7707,79735359,96260,34.84,7.75,0.9,313
28-March-2014,281,287.5,275.85,285.9,282.9738241309,234720,6712,66419616,99139,42.24,11.65,4.9,312
27-March-2014,279.9,284.25,276.4,279.95,280.7140174128,304029,6871,85345202,163056,53.63,7.85,0.05,311
26-March-2014,274.3,281.85,273.1,280.35,279.7875355838,425756,8199,119121222,242952,57.06,8.75,6.05,310
25-March-2014,266,274.8,266,273.9,272.3997254607,214177,5465,58341756,108551,50.68,8.8,7.9,309
24-March-2014,263.4,272,263.4,270.8,270.3354327061,449023,9896,121386827,241266,53.73,8.6,7.4,308
22-March-2014,263.2,264.95,262,263.4,263.090339128,10527,310,2769552,5187,49.27,2.95,0.2,307
21-March-2014,262,264.1,257.75,263.2,261.7843216361,136328,4852,35688533,47066,34.52,6.35,1.2,306
20-March-2014,263,263,256.3,260.25,259.3747709703,204122,5388,52944097,71349,34.95,6.7,-2.75,305
19-March-2014,270.6,275.5,262.15,263.3,270.2107036782,1800951,9980,486636237,1602918,89,13.35,-7.3,304
18-March-2014,265.25,271,265.25,270.4,269.5736914856,242355,7311,65332532,116947,48.25,5.75,5.15,303
14-March-2014,264.5,267.4,261.45,263.85,263.8205382491,154278,6691,40701705,65639,42.55,5.95,-0.65,302
13-March-2014,260,267.8,260,265,264.4241888882,386599,12707,102226127,175641,45.43,7.8,5,301
12-March-2014,254.75,260.35,252.85,259.75,257.4297934899,187739,6131,48329612,53807,28.66,7.5,5,300
11-March-2014,258,260.75,254.9,255.55,257.4862616531,134514,4072,34635507,49414,36.74,5.85,-2.45,299
10-March-2014,263,264.15,257.35,258.5,260.5245182323,234968,6975,61214925,103495,44.05,6.8,-4.5,298
7-March-2014,258,265.9,257.25,264.45,262.8263066926,365656,11540,96104016,170324,46.58,8.65,6.45,297
6-March-2014,251.7,257.6,251.7,256.9,254.9573949348,221077,6820,56365216,129923,58.77,5.9,5.2,296
5-March-2014,248.6,251.9,247.6,251.5,250.9262573736,575366,7778,144374437,480344,83.48,4.3,2.9,295
4-March-2014,245,247.85,244.3,247.2,246.3062793844,1388066,5735,341889372,1297679,93.49,3.55,2.2,294
3-March-2014,244.5,245.25,240.8,244.35,242.3087951432,699386,6039,169467379,605150,86.53,4.45,-0.15,293
28-February-2014,244.5,247.7,242.5,244,245.0376184573,260537,6924,63841366,104863,40.25,5.2,-0.5,292
26-February-2014,245.7,246,240.5,243.6,242.3951636278,369161,9642,89482841,146560,39.7,5.5,-2.1,291
25-February-2014,252.8,253.5,245.7,246.35,247.7860792865,202935,5816,50284468,90336,44.51,7.8,-6.45,290
24-February-2014,251.2,254.95,251.15,252.05,253.0464786554,116376,3446,29448537,47309,40.65,3.8,0.85,289
21-February-2014,253.3,253.3,250.15,251.2,251.7171979873,123811,3695,31165358,45522,36.77,3.15,-2.1,288
20-February-2014,253.6,256.4,250.25,251.3,253.0767734194,171674,5727,43446702,57007,33.21,6.15,-2.3,287
19-February-2014,256.75,257.55,253.7,254.65,255.3568973303,108513,3737,27709543,39011,35.95,3.85,-2.1,286
18-February-2014,255.55,256.8,253.25,255,255.3067974609,145878,5095,37243645,57297,39.28,3.55,-0.55,285
17-February-2014,260,260,255.65,256.4,257.015744242,87270,3567,22429764,22586,25.88,4.35,-3.6,284
14-February-2014,260.3,262.8,256.75,260.55,259.6231927485,133490,4957,34657100,51971,38.93,6.05,0.25,283
13-February-2014,269.8,269.8,260,260.75,262.6722320709,155125,4592,40747030,41626,26.83,9.8,-9.05,282
12-February-2014,267.9,270.8,265.3,269.9,267.836139913,855846,4343,229226489,738943,86.34,5.5,2,281
11-February-2014,269.25,270.3,266,270,267.7619509078,572718,3402,153352089,513671,89.69,4.3,0.75,280
10-February-2014,269,271.1,267.4,270.05,269.7888905525,100185,2626,27028800,48873,48.78,3.7,1.05,279
7-February-2014,268.8,270.45,262.9,269.45,267.1722884348,295429,5446,78930442,130276,44.1,7.55,0.65,278
6-February-2014,253.9,269,253.9,266.8,263.9977848337,846889,13448,223576820,570596,67.38,15.1,12.9,277
5-February-2014,249.05,255.9,248.05,255.1,253.5537636295,199475,5940,50577637,85810,43.02,7.85,6.05,276
4-February-2014,243.9,250.75,243.45,249.2,246.7646830572,185554,6095,45788174,92063,49.62,7.3,5.3,275
3-February-2014,246.5,249,244.9,245.9,246.9914071415,143724,4336,35498593,50696,35.27,4.1,-0.6,274
31-January-2014,246.15,248.05,244.45,247.5,246.2301137813,195990,6796,48258640,82681,42.19,3.6,1.35,273
30-January-2014,248.5,251.5,245.35,246.15,248.1261022144,270138,7772,67028289,163036,60.35,6.15,-2.35,272
29-January-2014,249.9,252.9,249.9,251,251.3362428663,190294,10205,47827779,114999,60.43,3,1.1,271
28-January-2014,248.95,253.45,247.5,249.35,250.3577294609,250108,6952,62616471,116905,46.74,5.95,0.4,270
27-January-2014,257,257.9,248,248.95,252.2676192149,278971,6867,70375350,151180,54.19,9.9,-8.05,269
24-January-2014,259,261.4,257,257.9,259.0219892753,214832,7601,55646212,94069,43.79,4.4,-1.1,268
23-January-2014,261,262.8,258.5,259.3,260.5373943177,320891,8789,83604105,127078,39.6,4.3,-1.7,267
22-January-2014,262,265.4,261,261.9,262.7851019817,238327,7040,62628785,95844,40.22,4.4,-0.1,266
21-January-2014,270,270.25,262.3,263.1,264.4234293643,1210131,14749,319986989,1041845,86.09,7.95,-6.9,265
20-January-2014,272.9,274.55,268.1,269.7,271.0467698312,242913,4163,65840784,105173,43.3,6.45,-3.2,264
17-January-2014,275,280.25,271.1,272.75,273.6794417519,2246743,11843,614887370,1766315,78.62,9.15,-2.25,263
16-January-2014,297.5,303.9,292.9,302.7,300.110224759,2357102,49207,707390411,1453312,61.66,11,5.2,262
15-January-2014,301.3,304.95,293.7,295.15,296.767653715,2246935,30921,666817628,1109207,49.37,11.25,-6.15,261
14-January-2014,294,298,286.7,289.9,290.7079713458,616734,14245,179289490,134154,21.75,11.3,-4.1,260
13-January-2014,290,292.55,289,290.25,290.3358683731,416693,4737,120980924,292545,70.21,3.55,0.25,259
10-January-2014,296,297,286.4,288.7,290.7907759124,243146,5728,70704614,120629,49.61,10.6,-7.3,258
9-January-2014,291.95,297,289.6,295.7,293.7592765533,373711,7419,109781073,137756,36.86,7.4,3.75,257
8-January-2014,278.25,291.8,277.05,288.75,286.7879642477,776902,13140,222806143,200828,25.85,14.75,10.5,256
7-January-2014,278.7,279.2,274.25,275.6,276.4904921169,284343,6838,78618136,129626,45.59,4.95,-3.1,255
6-January-2014,279,280.2,274.1,276.4,276.2153296514,295858,16520,81720515,148766,50.28,6.1,-2.6,254
3-January-2014,283,284.8,276.1,277.75,278.5927229251,162263,8035,45205291,92076,56.74,8.7,-5.25,253
2-January-2014,292.85,292.85,281.85,283,288.0120219137,137083,4769,39481552,72069,52.57,11,-9.85,252
1-January-2014,294.05,295.15,290.65,291.9,292.6798707137,164596,2780,48173936,30601,18.59,4.5,-2.15,251
