Date,AXBK,HDFC,ICBK,ITC,MRTI,RELI,SBI,SUN,TAMO,YESB,ALBK,APLH,CBI,COLG,GAIL,NEST,TMIN,TTCH,VOLT,WHIR
"Dec 30, 2018",619.85,1971.15,365.55,280.75,7237.4,1099.05,297.5,432.8,170.75,189.5,46.7,1291.15,35.85,1311.75,353.45,10878.3,20392.9,698.2,536.6,1395.8
"Dec 23, 2018",625.25,1980.1,361.05,281.95,7510.7,1125.8,294.45,424.6,170.8,181.55,46.85,1240.5,36.05,1319.85,357.55,11235.6,20970,711.25,551.55,1373.85
"Dec 16, 2018",621.1,1949.45,353.35,276.5,7536.75,1098.35,291.65,424.75,175.9,182.9,46.65,1250.4,35.55,1327.35,345.5,11011.7,22095.3,704.6,569.95,1340.3
"Dec 09, 2018",618.7,1904.15,352.1,275.65,7654.1,1111.75,289.15,419.75,166.9,180.35,46.55,1244.25,30.5,1311.85,350.95,10972.55,23027.85,689.25,578.55,1405.55
"Dec 02, 2018",603.25,1952.25,352.15,274.1,7314.1,1133.25,275.4,411.3,162.45,166.1,43.1,1207.55,28.35,1233.9,334.7,10402.75,21685.7,674.3,543.65,1342.45
"Nov 25, 2018",625.75,1983.7,355,286.25,7664.6,1168.2,284.35,492.3,171.95,169.65,48.55,1262.3,29.1,1217.25,343.65,10718.95,21589,697.3,553.8,1403.65
"Nov 18, 2018",614.3,1874.5,351.95,280.45,7409.95,1102.85,282.6,525.8,182.25,195.55,45.15,1213.85,30.5,1148.6,344.8,10313,20789.4,699.15,549.65,1366.25
"Nov 11, 2018",618.3,1887.55,367.4,276.25,7332.05,1127.5,290.3,519.6,179.4,191.3,43.35,1233.95,31.1,1144.8,342,10655.05,20623,695.35,553.3,1431.25
"Nov 04, 2018",612.6,1816.9,355.8,277.25,7265.5,1093.35,283,595.9,195.4,227.85,43.95,1145.3,32.4,1105.5,367.75,10224.05,20449.85,698.95,538.2,1475.3
"Oct 28, 2018",609.95,1822.3,354.3,282.35,7136.8,1074.25,285.45,571.4,190,209.4,42.9,1150.9,31.7,1108.2,369.05,10230.1,20247.6,695.8,541.2,1366.9
"Oct 21, 2018",537.35,1701.4,315.05,280.65,6705.25,1044.7,248.1,553.65,168.85,180.55,37.05,1084.45,29.25,1105.85,341.2,9540.45,19307.7,669.6,505.85,1350.15
"Oct 14, 2018",562.2,1661.3,314.9,288.45,6760.35,1101.65,260.85,608.4,174.8,217.7,37.05,1122.45,31.05,1098.15,343.55,9602.8,21693,671.9,503.25,1496.7
"Oct 07, 2018",584.65,1730.35,318.8,274.7,7283.05,1126.4,263.35,590.65,183.4,246.7,36.35,1132.85,28.65,1099.65,358.65,9700.75,22415.15,655.55,509.35,1498.55
"Sep 30, 2018",568.45,1715.15,306.6,277.15,6893,1049.85,257.8,598.25,216.55,206.2,35.35,1055.25,33.55,1072.25,331.55,9386.15,21980.95,652.9,509.1,1322.05
"Sep 23, 2018",612.35,1755.5,305,296.7,7350.55,1258.2,265,623.35,223.45,183.45,35.5,1043.1,41.1,1085,378.55,9705.7,22440.3,689.75,529.15,1342.3
"Sep 16, 2018",599.4,1835.25,317.8,303.75,8039.55,1216.85,270.05,635.5,250.2,227.05,37.85,1044.15,53.35,1106.75,389.45,9765.15,24217.45,735.05,564.7,1500.55
"Sep 09, 2018",636.25,1926.25,328.15,306.95,8632.85,1252.8,290.4,665.1,266.45,323.1,40.65,1116.4,66.9,1121.3,370.2,10341.5,25126.75,747.8,614.2,1623.8
"Sep 02, 2018",645.15,1924.9,335.05,310.4,8732.55,1276.75,291.85,664.2,277.5,323.45,40.55,1159.2,67.3,1140.9,377.3,10446.5,25444,761.4,598.4,1629.7
"Aug 26, 2018",649.2,1931.5,342.65,319.15,9097.25,1240.95,308.85,652.2,267.1,343.4,42.65,1185.15,68.55,1168.35,372.05,11576.6,26109.6,760,616.6,1776.25
"Aug 19, 2018",639.6,1918.7,330.1,310.35,9163.4,1278.05,300.3,629.65,255.6,374.65,40.3,1195.55,68.25,1168.95,380.3,11369.3,25385.45,729.2,612.5,1756
"Aug 12, 2018",627.1,1883.6,340.05,313.75,9148.3,1203.45,302,623.3,257.35,392.95,40.2,1184.7,68.8,1141.65,387.25,10875.35,25361.15,708.3,615.4,1732.55
"Aug 05, 2018",615.65,1975.4,328.15,304.7,9151.35,1204,304.45,553.6,250.25,383,44.8,946.55,68.55,1139.5,362.8,10690.65,24426.95,673.2,620.15,1726.2
"Jul 29, 2018",574.35,1974.35,304.8,303.75,9188.35,1176.75,298.6,584.85,258.75,372.45,45.4,968.9,68.85,1122.15,388,10313.3,23939.9,693.75,575.35,1768.6
"Jul 22, 2018",553.65,2044.45,293.3,302.2,9315.45,1129.6,286.6,556.95,267.7,369.9,45.15,933.75,71.3,1101.25,377.9,10295.8,23501.95,679.15,573.3,1673.55
"Jul 15, 2018",534.45,1975.2,266,273.45,9386.75,1128.55,260.95,559.9,253.4,386.65,40.9,930.4,68.65,1124.3,359.25,10351.1,23233.2,659.85,551.5,1526.7
"Jul 08, 2018",523.9,1972.9,268.05,270.4,9434.3,1096.75,257.6,559.15,264.15,376.4,40.6,975.3,67.3,1160.05,357,10150.8,19905.4,695,534.85,1514.35
"Jul 01, 2018",514.25,1915.75,270,272.3,9304.8,976.5,257.45,558.45,271.15,352.4,42.5,1010.85,67.8,1143.9,344.7,9948.7,19831.55,690.37,519.55,1514.65
"Jun 24, 2018",510.4,1907.35,275.5,266.05,8821.2,972.95,259.3,560.55,269.3,339.6,41.8,1046.2,69.6,1182.95,340.15,9808.55,19629.7,687.42,521.65,1524.05
"Jun 17, 2018",524.65,1902.4,300.85,265.15,8889.7,1012.3,273.25,576.3,308.15,335.2,44.9,1021.75,71.7,1179.6,340.15,9870.75,20016.65,708.29,518.35,1554.95
"Jun 10, 2018",528,1831.75,282.3,264.5,8952.5,1013.85,277.55,571.05,303.2,330.55,44.4,1029.85,75.15,1218.65,335,9736.45,19700,726.25,520.45,1549.6
"Jun 03, 2018",536.45,1840.2,288.3,267.85,8945.7,983.4,272.7,528.2,310.05,337.6,46.3,1015.75,78.4,1228.85,342.1,9889.4,18954.7,727.53,530.5,1559.7
"May 27, 2018",537.15,1843.35,289.5,269.75,8792.15,929.2,266.75,482.9,287.2,342.25,40.1,928.1,73,1248.95,341.15,9898.25,19277.55,735.3,532.5,1548.4
"May 20, 2018",538.45,1820,296.5,271.95,8546.85,921.75,267,466.55,294.2,339.45,40.7,993,66.65,1255.95,319.6,9729.85,19941.5,732.7,537.6,1555.65
"May 13, 2018",532.7,1857.25,286.4,282.15,8512.55,933.4,239.2,464.7,305.25,345.45,37.75,1015.75,66.95,1223.4,321.05,9688.75,19848.1,718.7,552.1,1550.9
"May 06, 2018",553.2,1921.2,311.1,283.9,8738.3,988.5,250.9,471.85,330.75,349.95,45.7,1042,70.5,1106.35,342.65,9506.6,20299.25,775.65,615.95,1538.85
"Apr 29, 2018",520.3,1912.05,282.9,277.5,8679.05,953.9,241.95,518.75,334.25,345.4,47.25,1098.15,69.25,1097.15,329.85,9103.15,20470.6,765.4,614.85,1544.75
"Apr 22, 2018",538.9,1857.85,288.05,279.25,8777.95,994.75,242.65,524.25,336.8,348.45,49.15,1072.6,69.9,1102.25,329.65,9057.5,20495.5,736.8,635.1,1581.5
"Apr 15, 2018",505.85,1831.65,281.95,275.95,9037.2,928.05,241.4,505.4,336.25,308.45,48.5,1132.6,70.25,1099.15,329.9,9165.4,20500.25,733.65,635.85,1569.35
"Apr 08, 2018",541.9,1840.6,288.2,260.8,9138.45,938.85,251.2,513.2,356.65,309.4,52.85,1082.25,69.6,1098.45,326.65,8692.3,20997.2,725.75,637.8,1565.7
"Apr 01, 2018",500.7,1829.6,280.6,260.6,9207.85,909.75,259.8,512.4,363.85,314.2,53.5,1074.95,71,1097.65,333.7,8355.5,20736.35,723.6,631.95,1536.65
"Mar 25, 2018",509.4,1824.4,278.4,255.9,8863.15,882.8,250.1,495.4,327.45,304.9,49.6,1062.65,73.5,1057.7,328.6,8202.15,19383.6,676.75,620.6,1513.55
"Mar 18, 2018",501,1785.15,275.8,256.3,8611.5,892.85,234.6,501.8,331.1,286.7,46.6,1006.95,72.45,1035.45,328.69,7797.55,19187.8,667.1,602.7,1484.85
"Mar 11, 2018",523.45,1790.8,298.1,260.65,8690.35,900.5,252.6,503.3,340.1,312.9,51.15,1070.3,83.5,1043,330.64,7693.25,19860.2,681.05,628.35,1559.6
"Mar 04, 2018",505.35,1818.45,292.7,259.4,8664.45,912.05,253.15,506.8,341.7,303.45,45.45,1149.9,76.45,1039.3,328.12,7650.55,20290.85,687.05,629.1,1532.6
"Feb 25, 2018",526.1,1812.65,305.25,263.6,8876.1,947.7,262.55,534.5,370.85,320.75,51.5,1182.1,64.75,1058.05,339.82,7850.55,21031.6,699.05,618.1,1428.45
"Feb 18, 2018",536.55,1824.05,321.3,269.05,8705.3,934,276.1,570.2,360.45,323.6,52.2,1232.1,69.35,1049.9,343.76,7582.5,20751.15,706.5,588.65,1411.85
"Feb 11, 2018",537.75,1816.1,321,266.35,8840,921.7,271.75,575.2,370.55,311.9,54.85,1138.2,67.05,1075.1,351.19,7590.1,19920.65,717.15,583.55,1438.65
"Feb 04, 2018",557.5,1773.2,326.75,271.3,8946.45,897.95,296.4,582.65,369.2,325.55,59.5,1121.85,67.55,1101.35,347.29,6959.05,18803.3,701.4,593.3,1534.4
"Jan 28, 2018",564.95,1903.3,334.8,275.3,9000.3,905.7,296.9,551.15,384.05,350,61.75,1151,70.5,1115,349.54,7140.8,18357.3,690.05,572.4,1452.7
"Jan 21, 2018",613.75,1902.55,358.3,280.85,9277.2,964.55,313.15,580.7,400.2,363.5,70.1,1133.85,74.25,1147.5,370.88,7513.1,18806.9,718.9,614.55,1496.95
"Jan 14, 2018",590.25,1900.45,353.55,273.85,9321.35,929.35,309.05,572,418.95,348.3,70.8,1138.05,73.75,1149.4,351.68,7692.2,18184.4,725.75,616.8,1473.75
"Jan 07, 2018",555.75,1761.25,317.6,267.5,9460.3,946.75,301.8,584.25,436.15,340.65,72.05,1161.3,74.95,1136.4,374.85,7788.15,17886.45,764.35,633.3,1530.7
"Dec 31, 2017",563.1,1725.95,312.6,262.9,9434.05,923,306.2,578.75,430.8,333.05,73.05,1193.85,75.8,1101.05,370.76,7840.35,19420.05,758.05,645.55,1567.5
"Dec 24, 2017",562.4,1710.4,314,263.1,9731.35,921.05,309.5,570.8,431.2,315.05,73.45,1205.25,72.6,1095.6,372.9,7845,19165.25,730.85,655.7,1567.6
"Dec 17, 2017",553.5,1708.35,316.4,263.35,9700.25,918.5,319.85,530.5,421.9,310.05,77.15,1176.95,75.6,1091.3,377.18,7867.5,16878.6,735.15,656.5,1534.55
"Dec 10, 2017",548.1,1722.85,303.45,264.75,9164,919.9,312.75,518.2,405.15,316.05,73,1196.3,76.3,1070.9,364.43,7868.1,16126.8,718.9,631.4,1519.55
"Dec 03, 2017",542.45,1677.25,310.55,261.7,9040.85,920.95,313.15,521.5,411.05,312.05,74.65,1192.25,78.1,1069.7,361.91,7921.6,15706.8,720.55,624.45,1550.45
"Nov 26, 2017",533.6,1659.25,305.25,255.3,8607.55,909.85,312.55,525.95,399.15,306.5,74.6,1145.25,78.85,1029.5,342.19,7703.65,15483.05,712.15,616.55,1528.75
"Nov 19, 2017",544.8,1710.15,317.05,260.35,8487.7,949.5,332.25,548.55,424.95,312.8,78.65,1143.05,81.1,1052.5,353.59,7510.1,15848.25,739.25,623.15,1515.45
"Nov 12, 2017",541.9,1701,325.1,257.55,8340.7,909.7,337.4,517.05,421.45,306.45,79.35,1047.8,82.1,1040.15,333.41,7689.15,16181.9,716.25,610.4,1348.15
"Nov 05, 2017",544.5,1707.75,318.6,261.35,8164.95,883.5,333.2,527.3,422.65,303.95,79.85,1000.55,80.15,1038.65,342.82,7770.1,15436.2,718.75,570.55,1365.45
"Oct 29, 2017",540,1775.35,315.85,265.4,8216.4,945.6,325,552.2,446.9,325.95,82,1022.85,82.7,1033,347.66,7408.55,15379.55,730.1,547.9,1384.7
"Oct 22, 2017",484.5,1698,300.95,269.35,8114.8,929.45,310.95,550.35,430.05,307.2,77.7,1026.1,82.4,1057.45,353.14,7165.7,14386.95,744.8,542.9,1379.05
"Oct 15, 2017",460.35,1747.45,257.85,269.6,7736.35,910.35,242.5,535.6,427.25,358.05,65.1,1057.35,76.65,1047.05,324.82,7235,14371.4,719.45,533.8,1401.25
"Oct 08, 2017",529.45,1765.3,271.4,265.85,7872.2,876.7,252.45,534.7,424.45,369.6,66.3,1073.15,79,1091.95,327.56,7340.65,14333.2,690,531.8,1349.55
"Oct 01, 2017",504.45,1740,272.25,266.05,7909.85,836.85,256.65,530.4,424.2,365.15,67.45,1064.5,74.85,1089.1,339.23,7341.7,14439.2,678.45,528.15,1359.9
"Sep 24, 2017",508.8,1740.7,276.95,258.25,7973.15,782.15,253.75,503.2,401.25,350,65.65,1006.65,74.75,1058.4,314.32,7222.25,14434.55,641,504.7,1281.35
"Sep 17, 2017",505.05,1782.5,277.1,268.25,8074.55,817.5,261.9,513.3,411.2,360.75,68.85,1034.95,82.15,1100.4,297.86,7167.9,14574.45,615.05,514.15,1254.1
"Sep 10, 2017",517.55,1770.85,291.95,269.35,8088.2,843.4,272.05,523.8,401.25,368.41,72.5,1064.85,91.45,1133.75,299.93,7335.3,14694.2,636.75,543.1,1232.65
"Sep 03, 2017",493.25,1778.25,292,272.45,7972.8,817.15,271.95,471.05,375.05,357.75,67.35,1094.4,99.75,1156.6,284.51,7194.8,14596.3,622.35,535.6,1224.35
"Aug 27, 2017",507.65,1759.2,298.2,283.6,7812.7,804.67,277.7,486.95,390.7,355.11,69.3,1092.75,95.4,1124.55,288.04,7022.1,14682.1,586.1,526.2,1185.6
"Aug 20, 2017",505.6,1755.9,297.9,281.5,7601.95,783.7,280.45,483.3,384,344.11,68.4,1082.6,73.3,1093.4,287.29,6594.65,14755.45,588.75,520.8,1168
"Aug 13, 2017",490.7,1735.05,293.05,281.8,7620.05,787.7,278.65,470,380.7,344.02,66.15,1071.6,74.3,1068.9,286.35,6645.5,13820.1,592.3,537.05,1169.3
"Aug 06, 2017",489.95,1694.15,287.1,271.55,7452.85,773.27,280.65,451.3,374.4,348.06,64.6,1216.25,73.3,1048,277.05,6535.8,13548.15,576,516.55,1150.35
"Jul 30, 2017",508.45,1732.9,296.15,280.75,7778.7,811.25,305.45,506.65,435.1,361.83,71.45,1260.65,87.35,1073.95,284.14,6696.85,13318.75,605.7,541.2,1156.5
"Jul 23, 2017",515,1783.8,296,291.25,7621.95,797.12,299.2,550.8,446.3,368.81,74.95,1283.45,90.8,1069.15,284.81,6778.8,13384.5,623.95,510.35,1152.1
"Jul 16, 2017",540.2,1641.6,301.2,288.5,7527.6,793.1,290.35,576.6,464.6,315.77,72.35,1262,92.1,1070,282.86,6815.55,13396.85,622.5,498.25,1138.2
"Jul 09, 2017",513.1,1648.3,298,337.2,7556.8,765.52,291.6,570.5,451.9,313.06,71.1,1248.6,97.15,1070.65,292.01,6810,13707.7,640,483.25,1140.8
"Jul 02, 2017",503.3,1629.2,289.8,334.1,7429.25,745.4,280.2,549.7,436.8,300.67,69.6,1249.3,93.1,1086.6,269.02,6868.9,13693.85,647.95,467,1171.2
"Jun 25, 2017",516.1,1616.35,290.1,323.85,7217.9,690.12,273.6,554.5,432.5,292.37,67.85,1275.9,87.25,1111.6,270.75,6723.05,13209.2,605.35,457.85,1137.9
"Jun 18, 2017",504.6,1650.85,291.5,310.85,7237.2,717.5,288.85,543.95,443.1,287.32,69.65,1279.6,87.55,1106.1,265.65,6618.5,13729.7,606.3,454.15,1104.65
"Jun 11, 2017",510,1639.1,287.73,306.3,7266.4,693.92,285.85,529.15,455.5,288.36,70.1,1287.75,99.7,1095.45,283.39,6759.2,13889.05,612.45,489,1133.4
"Jun 04, 2017",513.45,1644.85,292.55,306.2,7451,667.75,288.5,524.8,467.2,297.26,69.85,1351.95,100.15,1075.25,285.71,6667.45,13939.9,619.9,492.1,1149.6
"May 28, 2017",507.85,1610.1,289.14,319.15,7114.25,662.38,287.4,514.8,478.55,296.4,71.6,1265.55,102.6,1026,301.73,6644.8,13712.7,638,500.55,1170.35
"May 21, 2017",511.4,1547.85,292.41,308.65,7073.35,667.9,288.45,568.55,480.75,298.51,73.45,1216.2,104.35,998.85,301.01,6638.85,14029.9,612.1,498.6,1178.5
"May 14, 2017",500.85,1521.3,279.18,285.9,6787.85,659.25,308.15,652.45,442.95,285.99,82.6,1257,115.45,1014.55,300.82,6530.4,13259,618.55,415.65,1174.3
"May 07, 2017",502.6,1548.85,269.68,274.3,6728.1,675.42,297.15,653.6,430.4,296.77,89.95,1310.65,114.45,1014.95,306.64,6819.55,12700.25,628.6,434.3,1180.55
"Apr 30, 2017",504.9,1546.5,271.41,277.05,6648.15,664.3,295.95,630.75,419.75,321.74,84.35,1257.6,110.4,1012.5,314.02,6722.45,11303.1,635.45,418.05,1191.1
"Apr 23, 2017",509.6,1537.05,253.18,278.6,6525.5,697.4,289.45,642.55,457.8,326.14,82.35,1234.45,105.65,1038.25,317.81,6702.4,11431.45,655.75,410.45,1202.2
"Apr 16, 2017",485.8,1507.15,244.68,274.35,6203.6,699.88,282.15,640.05,440.4,308.69,73.25,1164.55,102.5,1032.3,300.38,6328.7,11729.1,638.2,414.4,1209.9
"Apr 09, 2017",506.7,1474.85,256.23,279.75,6089.35,682.17,291,692.3,452.95,323.37,73.8,1173.3,102.95,1011.15,284.48,6443.5,12046.7,614.95,405.35,1218.75
"Apr 02, 2017",503.8,1484,251.82,272.75,6263.95,702.77,289.4,665.65,468,310.61,72.35,1160.7,102.45,1011.9,289.91,6607.5,12003.85,604.1,409.85,1220.05
"Mar 26, 2017",490.8,1502.4,251.91,280.45,6024.3,659.6,292.6,687.7,465.95,309.82,73.45,1166.65,105.9,998.35,282.34,6681.2,11583,598.85,412.15,1223.9
"Mar 19, 2017",489.2,1462.05,249.82,281.05,6004.55,643.1,276.05,703.3,470.5,305.78,71.85,1178.3,103.1,979.5,285.94,6338.25,11060.85,578,388.7,1152.1
"Mar 12, 2017",517,1450.75,255.23,281.2,6189,650.33,274.1,706.7,476.35,301.61,70.6,1217.45,98,989.2,281.44,6204.9,11046.05,577.8,388.65,1105.75
"Mar 05, 2017",515.55,1372.5,245.95,263.25,5951.95,640.7,272.05,683.55,468.95,296.06,68,1205.7,97.7,943.4,283.84,6143.6,10897.9,559.5,381.75,1024.5
"Feb 26, 2017",512.8,1371.35,250.77,261.95,5891.8,629.23,265.15,685.8,460.1,287.07,69.05,1246,93.2,907.8,292.7,6174.5,10960.3,562.85,371.9,1026.4
"Feb 19, 2017",527.65,1385.1,258.59,265.7,6034.7,591.3,270.5,675.4,462,288.92,73.85,1323.2,84.9,893.75,290.87,6366.65,11067.9,576.45,356.8,1043.8
"Feb 12, 2017",489,1402.05,257.32,268.25,5989,537.67,268.8,675.45,452.7,288.12,70.45,1272,85.15,909.9,286.73,6254.25,11125.95,562.85,346.5,985.65
"Feb 05, 2017",488.5,1388.4,255.91,273.05,6110.8,515.15,276.25,655.1,509.4,282.11,73.95,1225.55,89.45,889.9,271.66,6161.25,11517.85,566.5,345.55,993.9
"Jan 29, 2017",489.65,1395.95,255.82,272.45,6118,516.85,277.4,647.15,522.5,279.45,74.2,1265.3,88.6,901.1,268.73,6078.55,11568.95,559.95,331.05,1035.7
"Jan 22, 2017",472.75,1370.7,247.32,257.5,5921.5,512.58,266.5,639.7,544.35,279.87,67.45,1230.5,84.05,880.5,271.27,5921.45,12484.55,542.8,337,978.35
"Jan 15, 2017",450.5,1236.8,239.45,255.45,5672.15,512.85,251,640.9,523.15,271.73,63.25,1155.4,83.05,900.6,258.67,5891.4,12310.35,512.9,342.6,904.15
"Jan 08, 2017",472.95,1244.1,243.23,249.5,5701.1,545.08,250.9,651.25,514.65,263.57,65.65,1190.95,83.6,899.15,254.33,5907.4,12425,517.35,343.65,929.8
"Jan 01, 2017",454.9,1222.15,234.68,242.65,5613.1,536.35,245.95,640.95,497.8,249.44,63.3,1195.75,83.6,899.65,248.91,5905.15,11306.4,507.3,336.2,919.05
"Dec 25, 2016",450,1262.45,232.09,240.95,5323,540.05,249.75,629.75,471.35,231.26,60.2,1179.6,83.2,905.6,246.35,6029.8,11155.3,501.6,328.25,897.45
"Dec 18, 2016",438.45,1225.2,229.05,224.8,5193.25,529.08,249.25,623.8,466.15,224.93,60.55,1140.7,82.65,903.2,242.78,5826.75,10307.7,485.3,315.45,863.05
"Dec 11, 2016",472.75,1270.35,232.36,226.55,5183.75,528.77,264.75,647.1,472.5,236.26,66.8,1218.6,83.15,911.05,233.49,6079.05,10597.85,477.3,319.05,884.6
"Dec 04, 2016",456.3,1267.1,243.95,235.8,5235.8,513.2,266,673,464.05,243.73,70.1,1225.75,86.85,921.6,241.34,6369.45,10959.75,503.6,326.15,942.35
"Nov 27, 2016",459.8,1240.05,236.05,228.4,5068.45,497.65,254.4,719.45,433.05,230,67.6,1200.05,84.6,926.2,242.92,6238.15,11194.5,471.2,306.15,916.55
"Nov 20, 2016",471.35,1241.8,236.23,228.75,4873.6,496.82,260.95,712.15,453.25,233.5,68.2,1202.85,78.7,922.75,234.62,6159.75,11292.05,465.05,300.3,926.1
"Nov 13, 2016",473.45,1250.9,240.5,227.9,4960.2,493.75,275.7,688.25,471,235.97,71.5,1198.6,82.35,917.15,240.38,5892.25,12172.2,464.1,293,913.3
"Nov 06, 2016",498.4,1271.5,251.82,243,5136.15,500.7,272.9,688.95,507.4,243.1,74,1266.65,91.25,948.9,246.71,6270.15,12587.8,482.65,333.45,936.15
"Oct 30, 2016",478.1,1385.9,245.18,249.1,5714.65,502.9,242.85,652.75,512.1,239.28,72.2,1286.7,88.5,983.85,238.67,6637.15,12704.55,510.9,359.75,1124.25
"Oct 23, 2016",486.6,1388.1,251.91,242.55,5875.3,526.75,257.85,743.75,535.85,254.38,75.55,1338.85,91.05,972.95,243.62,6960.5,13008,543.3,387.45,1125
"Oct 16, 2016",526.6,1336.5,252.45,239.85,5649.8,532.2,258.4,746.75,544.55,263.41,77.6,1369.85,91.65,953.45,247.75,6852.85,12977.5,579.75,393.9,1146.55
"Oct 09, 2016",520.65,1319.2,219.86,239.8,5681.4,539.1,251.9,745.65,555.45,251.99,74.95,1332.2,92.6,919.6,242.07,6859.05,12994.05,541.6,397,1110.95
"Oct 02, 2016",533.35,1405.6,227.82,239.15,5682.45,554.98,258.25,751.2,565.7,255.02,77.85,1319.05,94.4,968.45,232.99,6719.25,13186.4,539.8,388.1,1064.9
"Sep 25, 2016",541.85,1393.05,229.36,241.55,5479.2,541.05,250.7,742.7,534.75,250.85,76.85,1323.95,91.9,970.9,210.4,6428.2,12865.15,524.3,379.5,1020.45
"Sep 18, 2016",557.4,1424.6,247.09,253.85,5602.2,551.48,254.4,780.1,553.35,246.48,81.35,1338.45,97.75,978.65,217.41,6456.7,13018.35,547.4,382.1,1008.15
"Sep 11, 2016",601.15,1400.35,243.23,260.4,5565.95,537.83,254.4,784.5,548.9,233.67,80.9,1306.05,99.25,967.7,218.42,6416.25,13215.85,553.95,378.65,950.05
"Sep 04, 2016",613.2,1410.85,249.23,258.7,5401,521.85,264,797.15,573,255.45,85.4,1356.8,108.75,984.4,222.13,6506.8,13228.35,559.25,388.75,939.3
"Aug 28, 2016",599.15,1438,237.59,262.45,5158.5,506.43,254.35,782.1,549.8,277.5,84.4,1373.1,105.6,952.4,221.82,6449.25,12975.25,559.15,390.15,930.8
"Aug 21, 2016",586.8,1366.95,222.95,253.75,4920.7,513.85,246.7,756,503.65,265.25,78.15,1351.45,100.4,947.7,213.3,6821.55,13030.15,563.8,391.8,917.45
"Aug 14, 2016",588.4,1369.65,230.91,251.05,4899.4,507.43,258.5,782.7,510,267.33,79.05,1394.3,101,959.7,204.58,6722.9,13210.05,544.05,381.65,928.7
"Aug 07, 2016",590.75,1378.6,223.59,253.55,4896.65,517.48,243.2,801.8,515.25,258.2,75.45,1416.5,97.25,956,209.9,6865.45,13104.2,493.8,364.05,887.65
"Jul 31, 2016",565.45,1340.45,223.73,251.45,4948.35,507.27,232.8,842.35,516.35,251.64,79.05,1360.8,98,957.15,215.18,6819.1,13583.5,475.7,348.6,859.45
"Jul 24, 2016",546.05,1374.35,238.95,252.45,4755.2,507.75,229.05,829.75,503,243.44,77.3,1359.35,97.9,933.05,214.99,7165.6,14596.95,474.35,349.75,839.65
"Jul 17, 2016",537.55,1355.65,239.59,249.55,4413.4,507.4,223.45,787.75,506.4,231.67,73.9,1336.05,97.55,954.1,222.22,7068.15,13888.5,459.9,334.5,831.1
"Jul 10, 2016",564.75,1360.25,241.09,248.9,4463.8,506.27,231.5,770.4,492.9,235.79,79,1375.85,103.45,927.15,220.53,6628.75,13613.35,453.55,325.25,849.9
"Jul 03, 2016",546.45,1282.9,219.59,245.85,4155.05,490.05,218.4,778.55,465.2,223.82,77.65,1369.8,104.8,945.5,211.19,6420.4,13714.7,433.2,314.55,839.8
"Jun 26, 2016",542.8,1244.65,218.55,252.35,4165.8,486.82,219.65,764,457.9,225.98,69.65,1330.2,107.25,920.2,222.33,6507.4,13318.4,444.2,317.75,823.15
"Jun 19, 2016",510.35,1223.65,210.05,235.6,4069.15,475.75,211.25,753.75,449,215.99,65.35,1304.1,105.8,882.65,211.87,6477.6,11976.2,418.25,309.35,804.15
"Jun 12, 2016",526.7,1227.8,216.68,239.7,4109.9,486.62,213.4,742.8,463.2,214.06,58.25,1297.4,105.35,857.1,217.38,6462.2,12435.8,428.9,319.85,801.7
"Jun 05, 2016",541.3,1230.8,229.68,234.37,4117.6,487.82,206.2,741.6,457.2,212.45,53.3,1360.2,88.4,871.9,207.62,6532.4,12207,428.65,327,778.8
"May 29, 2016",542.8,1255.5,221.5,236.4,4220.1,478.98,196.5,738.25,453.9,209.85,50.6,1368.55,83.45,865.85,208.18,6279.4,12460.55,427.95,334.2,767.8
"May 22, 2016",513.1,1257.3,220.91,238.3,4141.35,486.32,195.55,825.5,403.5,205.34,52.7,1345.95,82,841.15,213.41,6169.9,12720.1,433.3,336.7,777.6
"May 15, 2016",490.85,1180.1,200.05,218.74,3947.05,467.05,171.45,792.05,384.55,195.5,50.4,1329.15,76.25,810,208.72,5975.4,12774.15,414.5,331.75,733.9
"May 08, 2016",490.8,1166.05,205.95,211.68,3844.6,489,185,795,390,189.82,52.55,1324,78.05,836.25,213.44,6128.5,13091.65,414.7,324.1,764.35
"May 01, 2016",461.5,1167.6,198.32,210.29,3819.5,484.57,184.4,804.1,398.7,182.01,54.2,1330.3,80.8,850.3,216.08,5630.95,13206.4,399.75,305.55,723.45
"Apr 24, 2016",472.25,1088.8,215.09,215.33,3794.95,491.27,188.95,811.3,408.85,188.73,58.25,1312.25,81.95,841.45,202.67,5743.85,13395.6,406.05,293.2,746.25
"Apr 17, 2016",474.65,1131.4,229.05,215.93,3817.35,519.38,199.9,820.15,416.95,175.16,60.15,1360.65,80.65,850.05,206.02,5955.25,13361.9,412.5,297.75,738.6
"Apr 10, 2016",440.75,1113.2,219.09,219.41,3734.6,532.73,191.75,831.75,408.55,173.9,56.6,1347.7,76.65,835,207.31,6105.8,13549.4,402.2,283.15,730.85
"Apr 03, 2016",421.5,1079.05,201.27,213.04,3428.85,518.92,183.1,811.8,372.2,169.96,53.85,1365.8,76,819.4,195.81,5962.35,11043,366.5,272,710.9
"Mar 27, 2016",449.55,1111.55,216.91,222.75,3723.25,516.83,195.7,816.15,379.55,171.14,57.75,1350.55,76.4,834.5,195.55,5634.95,10797.2,369.1,285.1,699.6
"Mar 20, 2016",437.55,1163.1,213,215.06,3735.7,514.67,196.8,846.6,376.95,169.6,52.9,1388.4,72.7,840.55,200.31,5261.15,10832.5,364.7,269.55,678.6
"Mar 13, 2016",435.95,1127.65,209.41,215.46,3629.55,512.6,191.05,815.9,365.9,162.84,52.8,1395.55,68.75,850.6,204.83,5199.6,10748.9,361.75,268.9,668.9
"Mar 06, 2016",412.45,1158.75,194.36,212.88,3638.65,507.82,180.35,867.75,354,159.9,50.8,1414.8,67,812.6,191.14,5176.15,10710.8,344.75,247.35,630.2
"Feb 28, 2016",415.8,1128.5,200.45,209.49,3564.8,503.25,188.4,857.2,343.55,151.87,50.85,1412.15,66.95,846.5,191.25,5283.1,10814.45,349.85,245.6,642.9
"Feb 21, 2016",386.05,1054.7,168.05,192.92,3409.05,475.25,156.25,871.05,302.2,137.19,44.05,1432.15,57.3,834.05,170.78,5107.45,10347.8,317.1,225.6,598.5
"Feb 14, 2016",392.5,1060.75,180.5,202.1,3581.05,472.27,164.65,863.75,317.5,142.8,44.15,1430.45,49.6,832.15,183.38,5208.15,10846.95,330.25,237.05,601.95
"Feb 07, 2016",390.8,1083.65,176.55,199.05,3549.4,453.15,154.95,848.35,298.65,145.34,41.3,1399.65,52,837.05,183.21,5056.85,10601.45,334.75,229.35,576.85
"Jan 31, 2016",398.9,1183.7,190.18,214.73,3723.25,486.15,168.2,856.8,337.25,155.47,52,1455.75,61,852.3,192.09,5433.65,10128.9,365.55,279.3,629.95
"Jan 24, 2016",408.15,1177.6,209.18,211.81,4097.45,517.52,179.95,873,336.7,149.38,53.65,1471.2,62.3,856.4,206.49,5490.6,9928.75,352.9,286.25,589.2
"Jan 17, 2016",424.1,1157.85,211.59,204.62,4107.35,501.98,184.3,790.05,339.35,136.71,53.65,1403.1,63.6,882.85,206.69,5452.35,9961.7,346.5,284.35,607.65
"Jan 10, 2016",373.65,1148.85,204.14,208,4273.3,536.58,184.75,785.9,341.55,132.55,52.9,1368.75,63.5,917.25,189.08,5599.95,10251.15,374.05,280.25,642.65
"Jan 03, 2016",413.85,1175.2,222.68,207.74,4215.65,512.02,208.95,793,353.45,138.75,64.65,1404.8,67.8,926.8,209.9,5629.85,10556.55,399.75,297.05,670.65
"Dec 27, 2015",449.8,1257.3,239.09,216.99,4635.05,507.68,227.65,815.75,401.65,146.46,70.5,1460.05,71.55,976.55,208.01,5786.15,11402.05,408.8,319.55,651.6
"Dec 20, 2015",450.7,1229.95,234.36,214.27,4594.4,500.45,228.65,791.55,382.4,145.07,70.65,1437.35,70.05,985.65,203.77,5779.05,10481.75,406.9,312.1,652.75
"Dec 13, 2015",432.4,1224.85,227.36,210.32,4620.25,496.02,226.65,790.45,378.2,143.81,70.3,1446,68.95,992.4,191.25,5675.85,10709.75,391.45,303.85,649.8
"Dec 06, 2015",439.8,1174.5,226.68,212.74,4481.4,476.12,227.1,758.05,377.95,136.15,67.85,1381.85,69.6,975.4,190.46,5894,10670.35,388.95,297.95,651.7
"Nov 29, 2015",460.4,1171.95,237.68,222.49,4606.2,482.88,240.95,756.1,399.9,147.88,73.1,1363.35,70.2,974.2,200.28,5856.2,11210.9,419,285.6,660.9
"Nov 22, 2015",470.9,1230.1,245.09,228.02,4580.1,489.52,249.55,739.95,417.55,152.38,75.8,1332.9,71.35,964.5,206.75,5963.95,11511.65,425.55,282.1,697.2
"Nov 15, 2015",459.4,1203.95,240.73,228.32,4738.4,472.98,243,726.5,402.85,146.34,73.95,1332.6,69.5,962.1,196.2,6182.95,11456.35,430.65,271.65,694.35
"Nov 08, 2015",484.05,1178.5,237.91,218.41,4623.8,465.1,240.2,741.75,402.85,147.49,75.25,1249.2,67,948.4,158.43,6037.05,11525.2,418.95,259.85,632.7
"Nov 01, 2015",464.85,1205.85,243.14,223.35,4522.9,476.23,243.25,803.7,396.25,151.69,74.5,1344.6,69.4,938.75,162.37,6171.85,11330.2,409,278.65,628.2
"Oct 25, 2015",474.95,1257.2,251.82,221.89,4448.65,473.93,237.2,889,384.45,151.82,75.15,1313.45,83.65,956.35,173.64,6179.5,11683.05,408.3,283.1,638.1
"Oct 18, 2015",525.7,1340.85,260.14,237.54,4381.45,477.93,252.85,884.9,382.95,154.06,78.2,1406.95,86.4,941.15,183.38,6328.25,12184.45,415.7,288.25,681.2
"Oct 11, 2015",504.85,1312.1,263.64,231.27,4449.9,456.1,254.9,889.2,386.2,154.62,78.65,1439.6,87.25,905.35,182.73,6580.1,11363.25,416.5,282.1,682.75
"Oct 04, 2015",490.35,1290.7,260.09,227.56,4272.8,443.18,243.2,906.35,355.9,145.04,77.95,1454,87.2,932.25,175.08,6403.3,11662.35,406.45,277.25,677.45
"Sep 27, 2015",495.55,1199.25,243.05,217.98,4579.85,431.15,235.4,890.75,297,145.66,75.05,1442.45,83.45,963.95,165.52,6400.85,10896.45,381.85,269.35,680.3
"Sep 20, 2015",513.75,1180.7,244.14,213.9,4570.2,418.95,239.15,891.3,303.65,144.18,76.4,1408.05,81.45,952.1,165.63,6202.6,10856.9,379.45,250.3,641.5
"Sep 13, 2015",517.3,1210.45,252.77,211.15,4403.65,447.55,242.35,905.1,328.4,154.04,76.65,1370.55,79.45,973.12,161.8,6224.65,10890,395.45,251.5,639.3
"Sep 06, 2015",481.3,1174.4,242.95,207.54,4317.45,430.52,230.15,845.6,345.55,142.29,75.2,1377.05,75.75,928.2,160.34,5984.8,10984.85,386.9,255.75,616
"Aug 30, 2015",468.85,1142.1,234.41,209.79,4069.2,417.8,225.05,858.55,322.85,129.27,76.5,1313.3,69.8,943.42,158.01,5994.5,10497,382.85,253.8,636.7
"Aug 23, 2015",508.05,1200.65,257.77,217.15,4204.95,435.6,249.25,884.95,340.4,135.23,83.8,1337.45,67.45,972.73,163.01,6094.65,11014,407.65,285.9,682.5
"Aug 16, 2015",525.3,1228.55,269.18,218.71,4569.05,453.65,267.4,938.25,332.75,138.3,88.05,1303.15,80.6,999.4,175.36,6099.3,11885.85,445.7,288.75,743.1
"Aug 09, 2015",570.95,1299.8,274.82,211.05,4578.45,483.52,268.45,898.9,355.35,159.34,91,1358.2,103.45,992.9,190.21,6285.65,10041.6,469.3,313.5,748.6
"Aug 02, 2015",579.9,1298.6,281.95,215.23,4451.95,492.12,281.4,851.5,392.55,164.4,92.85,1436.95,105.8,1021.67,192.21,6552.1,10352.25,472.95,317.35,767.1
"Jul 26, 2015",573.75,1339.1,275,216.26,4330.4,500.82,270.4,822.75,384.35,165.74,91.95,1357.5,105.2,999.48,199.94,6343.05,8696.65,489.05,317.6,746.3
"Jul 19, 2015",580.95,1354.45,273.18,208.37,4233.65,512.52,263.5,835.75,391.15,161.73,87.75,1380.4,104.85,1029.08,203.09,6025.85,8297.15,499.07,316.8,730.45
"Jul 12, 2015",602.3,1327.1,288.55,213.34,4194.05,511.07,271.05,946.35,398.75,164.9,91.3,1358.55,106.95,1015.65,209.19,6076.25,8304.6,482.8,314.1,809.65
"Jul 05, 2015",578.2,1282.9,284.64,205.48,3936,500.77,270.5,901.4,401.95,161.84,92.35,1327.15,104.45,995.65,202.81,5968.2,8085.8,439.62,312.35,715
"Jun 28, 2015",585.9,1316.05,285.77,209.16,4001.85,503.38,268.85,871,433.35,174.37,88.45,1303.5,101.6,1024.62,216.79,6173.8,8256.4,431.36,317.2,741.95
"Jun 21, 2015",565.6,1288.3,282.95,204.52,4073.4,499.77,265.05,867.25,437.9,170.07,90.2,1309.7,104.7,1003.58,224.89,5948.05,8297.05,412.3,338.25,748.4
"Jun 14, 2015",552,1237.45,276.91,202.3,3942.85,498.25,260.15,846.55,432.9,166,91.35,1250.5,100.6,979.6,222.33,6295.75,8305.8,415.64,337.25,725.25
"Jun 07, 2015",551.35,1190.05,268.95,196.83,3736.1,444.57,253.95,813.75,421.6,161.17,92.35,1177.95,98.3,949.52,222.89,6078.8,8199.8,408.52,329.9,708.3
"May 31, 2015",548.35,1201.05,258.64,202.07,3760.7,453.02,257.8,848.55,442.6,164.46,96.15,1198.6,99.9,949.35,217.57,5997.1,8488.7,422.45,332.5,716.15
"May 24, 2015",585.25,1235.5,288.45,216.62,3785.45,438.57,278.15,965.75,481.6,176.52,106.65,1214.15,105.65,1000.27,219.32,6857.1,7998.75,430.31,332.95,757.15
"May 17, 2015",569.7,1287.5,284.91,217.75,3703.1,451.32,282.45,1003.3,514.55,173.36,100.8,1310.75,109.25,1000.75,222.83,6996.55,8225,432.65,319,737.15
"May 10, 2015",561.35,1233.95,284.27,216.19,3669.45,436.98,287.35,946.45,519.45,170.03,106.95,1246.05,108.9,1036.33,213.58,7012.8,8101.8,441.71,289.85,689.65
"May 03, 2015",542.35,1185.35,288.14,217.48,3604.85,444.95,261.8,940.2,513.5,165.25,99.55,1184.7,111.35,1025.15,207.65,6805.55,7725.95,432.55,280.9,676.4
"Apr 26, 2015",567.85,1169.4,301.14,213.64,3732.05,431.43,270.05,939.4,508.45,167.96,103.25,1139.8,104.4,995.05,202.61,6580.9,7952.5,424.94,280.55,702.25
"Apr 19, 2015",527.55,1244.75,280.09,230.15,3539.8,439.7,275.65,947.8,515.3,164.83,100.1,1293.7,103.4,1015.7,207.62,6850,8146.95,421.61,279.7,711.8
"Apr 12, 2015",534.15,1302.5,281.91,233.2,3642.4,463.43,291.05,1037.3,535.2,162.05,104.5,1322.6,103.6,1038.58,218.64,6986.2,8785.3,440.76,295.35,731.5
"Apr 05, 2015",568.1,1290.3,289.32,229.42,3664.35,451.82,285.65,1118.45,561.85,168.38,104.95,1393.4,106.8,1072.45,224.61,7087.75,9300.9,448.32,306.2,790.3
"Mar 29, 2015",569.6,1333.8,293.55,220.3,3642.55,417.27,273.45,1078.55,558.57,169.4,101.4,1386,105.25,1000.95,216.34,6938.35,7886,438.97,283.65,728.45
"Mar 22, 2015",546.05,1261.75,285.82,210.22,3612.15,405.88,263.55,1010.65,530.08,163.14,98.25,1358.3,104.9,1000.85,213.3,6851,7728,423.7,274.45,734.85
"Mar 15, 2015",556.75,1338.45,290.09,217.18,3621.7,427.15,278.35,1027.1,541.8,166.45,103.1,1409.85,103,1001.9,212.15,7269.1,7663.8,422.15,274.25,741.8
"Mar 08, 2015",570.1,1327.7,300.23,224.81,3650.55,425.07,280.85,1012.15,551.15,160.64,106.65,1378.15,103.5,1033.92,217.8,7287.15,7979.75,436.09,289.2,702.15
"Mar 01, 2015",616.6,1389.05,316.14,229.35,3673.55,442.2,293.65,1037.35,564.61,171.35,106.4,1407.55,103.05,1034.42,227.25,7277.95,8092.8,463.75,266.15,687.95
"Feb 22, 2015",567.15,1347.1,304.55,261.07,3606.15,427.82,299.95,879.2,569.41,164.17,109.4,1302.75,102.85,959.65,229.16,7025.7,7803.5,456.09,256.65,677.7
"Feb 15, 2015",560.9,1333.4,301.05,262.46,3552.65,436.62,302.25,914.75,572.67,164.89,111.6,1334.55,106.25,961,230.06,7181.45,8189.15,463.55,259.3,685.95
"Feb 08, 2015",581.05,1268.5,312.59,250.63,3612.65,458.6,307.05,939.35,559.66,167.03,111.6,1294.45,106.55,954.1,228.52,7035.4,7067.4,462.6,256.15,698.6
"Feb 01, 2015",562.9,1279.5,299.95,247.61,3500.75,455.23,290.35,928.6,553.82,161.96,109.45,1269.9,104.2,936.73,236.22,6866.6,6765.55,446.63,265.05,673.1
"Jan 25, 2015",588.7,1265.65,328.32,244.37,3645.25,457.68,310,915.95,578.76,172.5,116,1310.8,104.5,939.88,238.64,7109.1,6793.55,454.44,268.9,674.45
"Jan 18, 2015",565,1290.45,336.77,231.54,3608.65,443.48,327.35,923.75,581.68,175.06,126.45,1291.95,103.8,955.6,237.99,7234.85,6808.35,438.52,256.2,722.1
"Jan 11, 2015",514.9,1193.25,321.73,238.2,3613.9,434.5,315.6,850.75,520.04,160.59,128,1186.4,99,980.3,238.81,6959.85,6573.45,440.61,254.75,663.7
"Jan 04, 2015",495.4,1112.2,311,236.48,3465.8,430.23,303.3,829.6,516.33,152.93,126.8,1122.45,97.4,960.27,244.83,6399.5,6430,439.52,246.05,673.8
"Dec 28, 2014",514.2,1171.8,329.64,244.13,3359.7,442.8,315.25,825.9,506.28,158.55,132,1129.15,92.8,922.05,249.81,6332.1,6523.4,435.19,245.55,664.45
"Dec 21, 2014",495.05,1114.05,319.09,243.77,3330.95,444.5,307.65,811.2,479.91,148.33,130.3,1128.55,89.3,882.02,245.98,6130.7,6307.6,419.22,237.9,621.75
"Dec 14, 2014",489.7,1115.05,323.09,244.96,3356.15,450.07,304.25,809.25,480.85,145.3,124,1167.55,84.85,890.15,244.69,6171.1,6291.8,420.76,249.3,623
"Dec 07, 2014",483.15,1070.25,315.09,262.3,3382.15,441.77,311.3,842,494.71,139.97,125.35,1141.9,80.95,901.92,238.19,6286.4,6226.55,411.31,260.6,613.45
"Nov 30, 2014",498.45,1114.4,326.77,259.51,3405.6,478.85,317.65,821.3,519.24,150.59,132.1,1160.6,80.85,956.05,263.78,6305.65,6581.75,448.72,282.5,641.85
"Nov 23, 2014",481.05,1160.1,319.02,240.65,3336.1,495.43,321.45,839.55,527.31,142.08,121.35,1167.95,77.7,929.5,274.47,6226.1,6280.65,434.54,270.55,622.7
"Nov 16, 2014",476.85,1133.6,315.27,249.44,3348.8,498.73,305.05,842.35,524.83,140.68,118.8,1200.45,76.9,947.02,267.61,6317.25,6434.55,423.55,275.9,627.4
"Nov 09, 2014",476.7,1126.15,308.22,244.1,3337.25,484.57,278.85,886.5,518.25,137.97,119.45,1108.8,74.2,989.83,275.12,6317.1,6615.85,422.6,270.8,615.55
"Nov 02, 2014",468.85,1101.15,306.47,235.78,3293.05,490.45,274.24,891.65,528.1,135.26,116.2,1163.9,71.8,887.8,272.81,6411.95,6236.4,416.48,247.5,531.1
"Oct 26, 2014",438.75,1105.95,295.54,235.52,3338.35,499.6,270.17,845.55,529.98,136.83,114.8,1117.25,66.9,846.25,297.65,6237.45,6252.7,404.84,251.4,493.95
"Oct 19, 2014",423.85,1031.8,286.59,232.37,3164.6,476.48,258.24,810.15,511.48,124.21,107.35,1070.85,62.45,861.6,270.42,6004.3,6186.1,408.02,241.1,446.15
"Oct 12, 2014",401.95,996.8,273.75,234.62,2942.9,469.07,252.23,797.85,470.71,119.6,103.3,1026.4,61.25,848.45,251.97,5705.1,5950,389.02,229.85,421.45
"Oct 05, 2014",379.25,1006.5,265.45,234.12,2965.15,480.15,245.13,818.8,487.14,114.46,99.8,1055,59.15,852.05,250.17,5907.05,6198.75,386.28,226.85,431.4
"Sep 28, 2014",380.85,1050.3,259.72,241.35,2968.9,463.4,242.3,860.45,497.43,111.62,97.4,1116.6,59.8,864.23,246.74,6010.35,6368.1,392.95,243.55,433.05
"Sep 21, 2014",389.7,1037.75,268.74,246.45,3035.25,466.8,244.29,807.1,506.04,114.72,103.65,1092.15,61.8,820.27,249.5,6153.4,6233.95,379.47,238.5,427.95
"Sep 14, 2014",407.55,1065.3,285.54,238.3,3084.95,497.3,256.85,806.85,513.51,116.46,123.15,1153.35,67.15,812.65,252.98,6048.15,6385.2,395.69,238.65,428.95
"Sep 07, 2014",416.95,1049.75,284.54,235.91,2971.15,507.85,262.56,805.9,511.03,126.57,122.05,1170.8,66.75,802.73,260.18,6400.15,6362.3,407.48,257.9,453.2
"Aug 31, 2014",415.75,1055.7,281.52,232.23,2884.35,512.6,251.54,857.8,500.99,122.32,115.8,1160.9,62.45,777.5,254.03,6199.05,5997.05,410.96,260.35,462.15
"Aug 24, 2014",397.3,1073.9,283.01,235.45,2784.35,499.62,246.04,854.55,518.85,114.33,113.95,1174.9,64.25,769.9,249.64,5998.45,5881.75,374.09,244.3,471.05
"Aug 17, 2014",402.35,1044.65,279.58,227.86,2755.15,499,252.36,856.8,506.08,116.76,125.15,1132.6,66.9,751.6,243.28,5812,6049.2,368.92,237.2,442.9
"Aug 10, 2014",377.7,1124.5,268.65,236.51,2668.25,500.95,236.18,814.05,479.47,108.05,118.8,1129.75,63.5,724.5,239.57,5570,5424.7,359.52,220.75,412.55
"Aug 03, 2014",371.25,1026.25,261.34,231.01,2618.45,490.2,241.53,759.3,428.42,104.27,118.6,1011.2,65.1,746.73,229.42,5360.8,5351,360.66,197.45,371.45
"Jul 27, 2014",387.5,1039.45,268.44,231.87,2587,489.23,243.94,768.9,434.85,107.24,120.9,999.9,69.2,773.55,237.91,5184.4,4833.4,344.59,190.52,332.35
"Jul 20, 2014",397.17,1064.35,268.35,236.74,2506.6,510.88,250.12,779.3,457.01,107.78,118.6,1031.7,66.95,815.75,240.69,5171,4810,339.32,188.22,339.6
"Jul 13, 2014",399.21,981.05,268.58,228.16,2524,488.35,256.14,741.25,470.17,110.73,121.7,1086.75,69.3,830.48,250.48,4998.7,4735,336.83,207.4,344.95
"Jul 06, 2014",363.22,990.75,246.47,229.42,2505.2,483.5,242.16,741.45,440.78,101.99,114.9,1030.45,68.2,766.02,255.66,4974.25,4801.15,320.96,185.48,321.95
"Jun 29, 2014",386.9,1009.35,265.9,220.96,2642.8,515.98,269.9,708.55,463.49,111.45,140.45,1058.3,78.7,832.08,261,4969.75,4856.8,349.52,214.84,332.65
"Jun 22, 2014",382.14,976.15,251.78,212.05,2449.85,506.52,263.68,660.65,427.67,106.65,132.85,979.25,74.2,757.38,256.56,4926.8,4456.4,325.29,218.54,317.85
"Jun 15, 2014",373.53,966.75,254.33,222.69,2371.1,518.92,258.06,631.15,432.23,108.27,126.65,983.25,74,776.38,247.16,4929.9,4431,325.63,215.29,305.9
"Jun 08, 2014",363.82,977.35,259.92,221.23,2404,540.98,260.63,627.9,433.17,105.48,131.8,993.6,76.45,757.73,234.45,4947.2,4655.5,317.13,219.09,314.7
"Jun 01, 2014",394.8,935.1,269.41,223.38,2393.3,559.92,273.21,599.35,433.91,116.21,142.9,959.45,85.65,706.58,236.45,4901.55,4375,334.04,217.79,304.65
"May 25, 2014",367.23,876.6,257.89,226.4,2269.5,532.58,254.19,607.4,411.05,113.89,126.5,908.25,75.1,692.62,212.18,4938.7,4362,301.95,186.48,294.75
"May 18, 2014",372.99,931.55,265.59,226.83,2384.85,563.92,275.52,584.7,426.83,112.83,130.5,915.55,74.7,686.92,239.37,4728.2,4133.75,319.46,188.67,304
"May 11, 2014",351.37,885.45,266.33,237.04,2154.45,540.25,241.43,613.2,445.04,108.82,108.3,937.05,62.3,696.58,230.29,4647.95,3900,290.16,178.54,243.65
"May 04, 2014",326.3,883.8,249.97,229.05,1972.6,498.68,217.27,623.9,422.97,96.79,93.75,927.65,53.8,707.52,208.49,4768.5,3810,290.06,165.2,226.4
"Apr 27, 2014",306.09,908.05,227.6,225.51,1885.5,464.15,204.58,630,410.31,88.71,101.65,907.35,54.45,718.8,208.18,4751.25,3807.55,282.05,156.56,220.55
"Apr 20, 2014",306.89,892.35,230.78,227.79,1956.05,473.7,208.31,622.8,419.31,93.61,98.75,894.55,50.75,740.65,213.41,4757.95,3780,281.1,167.8,229.35
"Apr 13, 2014",292.93,880.05,229.45,234.16,1946.3,479.38,201.78,624.3,424.11,83.38,94.7,887.6,50.15,702.83,210.52,4762.5,3799.5,280.36,166.6,226.75
"Apr 06, 2014",299.08,917.65,224.64,227.96,1933.75,476.43,199.43,627.75,418.77,88.59,94.35,895.35,51.15,709.77,209.28,4829.35,3790,286.43,166.2,227.35
"Mar 30, 2014",285.83,895.1,223.7,228.79,1927.15,472.1,190.43,571.9,400.81,84.44,92.65,903.2,50.3,695.17,203.96,4836.1,3598.85,281.55,160.51,238.2
"Mar 23, 2014",292.23,873.3,228.86,238,1932,457.07,190.22,563.5,392.25,80.98,90.75,910.75,49,684.85,214.26,4955.05,3610.75,284.79,161.11,226.7
"Mar 16, 2014",278.68,841.65,218,237.11,1867.75,442.88,170.26,580.4,385.03,72.07,81.15,897.55,45,666.85,198.96,4741.1,3569.65,273.24,151.77,229.45
"Mar 09, 2014",271.2,856.8,220.68,230.05,1737.1,443.05,165.35,581.75,389.14,71.19,81,864.05,44.5,655.33,209.19,4751.7,3597.6,276.48,141.53,205.8
"Mar 02, 2014",281.38,848.6,218.42,223.78,1735.9,434.5,164.88,612.15,404.67,75.14,80.9,887.45,46.2,667.98,218.22,4894.85,3724.2,284.44,144.08,205.85
"Feb 23, 2014",253.18,818.35,189.76,217.12,1586.3,399.62,153.17,642.7,412.63,60.95,75.2,921.4,43.7,656.42,207.9,4849.8,3690,266.28,133.34,195.3
"Feb 16, 2014",237.95,798.4,186.32,210.49,1674.65,405.65,150.31,614.3,391.76,61.18,73.9,902.05,44.4,654.02,201.07,5038.45,3700,267.12,123.55,192.55
"Feb 09, 2014",220.54,771.7,179.71,212.01,1643.35,410.75,147.51,608.95,384.04,60.09,73.75,912.45,44.8,661.1,202.56,5075.4,3672.2,266.78,118.76,181.55
"Feb 02, 2014",225.15,783.55,174.86,214.4,1665.4,407.15,152.68,601.3,357.08,61.8,78,945.9,47.05,651.45,200.22,5014.55,3700,266.03,118.26,189.95
"Jan 26, 2014",223.91,808,179.73,215.53,1635.35,415.43,152.56,588.15,346.15,61.59,79.45,927.2,45.8,649.92,201.91,5044.3,3602,261.05,105.97,179.65
"Jan 19, 2014",241.39,844.8,192.35,214.93,1772.55,433.5,162.19,602.7,366.58,69.54,86.85,941.05,47.9,660.02,196.85,5085.55,3634.35,261.15,104.23,187.05
"Jan 12, 2014",230.56,840.4,188.18,215.36,1777.15,442.27,162.21,594.15,365.74,70.31,92.7,926.95,48.4,660.27,197.83,5236.95,3625,258.91,103.53,190.55
"Jan 05, 2014",232.91,800,186.28,213.77,1794.7,428.45,160.88,609.7,364.25,68.59,95.1,916.3,49.45,660.98,194.62,5412.85,3654.95,263.74,107.22,210.15
